initial_distribution_residual,flow_residual,max_flow_residual,layer_mass_error,min_occupancy,utility,solver,requested_solver,solver_fallback_from,solver_status,solver_objective,evaluated_objective,wall_time_sec,solver_time_sec,solver_num_iters,variable_count,constraint_count,horizon,state_count,action_count,target_count,enforce_layer_mass,objective_discrepancy,accepted_status,accepted_residuals,accepted,instance_type,instance_seed,method,reference_objective,reference_ratio,relative_gap,planning_calls,q,m
1.4868953907330297e-09,1.7686189179855205e-09,1.7686189179855205e-09,6.237322147661928e-08,0.0,soft,CLARABEL,CLARABEL,,optimal,11.183563859297902,11.183563859297907,0.8522223999607377,0.6522992,29.0,11040.0,24.0,24.0,92.0,5.0,12.0,False,5.329070518200751e-15,True,True,True,gridworld,1000,Direct-CVX,11.183563859297907,1.0,0.0,,,
0.0,5.551115123125783e-17,5.551115123125783e-17,1.1102230246251565e-15,0.0,soft,,,,not_applicable,,3.0016303300770533,,,,,,,,,,,,,,,gridworld,1000,Random,11.183563859297907,0.26839658340051653,0.7316034165994834,0.0,,
0.0,0.0,0.0,6.661338147750939e-16,0.0,soft,,,,not_applicable,,6.534498617684142,,,,,,,,,,,,,,,gridworld,1000,Additive,11.183563859297907,0.584294836591953,0.415705163408047,1.0,,
4.440892098500626e-16,4.440892098500626e-16,4.440892098500626e-16,8.881784197001252e-16,0.0,soft,,,,not_applicable,,11.173874342765455,,,,,,,,,,,,,,,gridworld,1000,OCG K=40,11.183563859297907,0.9991335931323541,0.0008664068676459009,40.0,,
0.0,0.0,0.0,1.1102230246251565e-15,0.0,soft,,,,not_applicable,,9.397198997144363,,,,,,,,,,,,,,,gridworld,1000,Nearest-target,11.183563859297907,0.8402687296618441,0.1597312703381559,0.0,,
0.0,0.0,0.0,7.771561172376096e-16,0.0,soft,,,,not_applicable,,7.058594395007696,,,,,,,,,,,,,,,gridworld,1000,Marginal,11.183563859297907,0.6311578745213002,0.3688421254786998,6.0,,
3.429420720499225e-09,3.5700245985800116e-09,3.5700245985800116e-09,1.4739640907812657e-07,0.0,log,CLARABEL,CLARABEL,,optimal,16.110231463017332,16.11023146301734,0.9078808999620378,0.7156466,31.0,11040.0,24.0,24.0,92.0,5.0,12.0,False,7.105427357601002e-15,True,True,True,gridworld,1000,Direct-CVX,16.11023146301734,1.0,0.0,,,
0.0,5.551115123125783e-17,5.551115123125783e-17,1.1102230246251565e-15,0.0,log,,,,not_applicable,,4.63194845993136,,,,,,,,,,,,,,,gridworld,1000,Random,16.11023146301734,0.2875159472763917,0.7124840527236083,0.0,,
0.0,0.0,0.0,6.661338147750939e-16,0.0,log,,,,not_applicable,,11.833241118967342,,,,,,,,,,,,,,,gridworld,1000,Additive,16.11023146301734,0.7345171387594114,0.2654828612405886,1.0,,
4.440892098500626e-16,4.440892098500626e-16,4.440892098500626e-16,8.881784197001252e-16,0.0,log,,,,not_applicable,,16.10435414727574,,,,,,,,,,,,,,,gridworld,1000,OCG K=40,16.11023146301734,0.9996351811732134,0.0003648188267866826,40.0,,
3.0272969209180137e-09,2.901904272434308e-09,3.0272969209180137e-09,1.0309818554432582e-07,0.0,soft,CLARABEL,CLARABEL,,optimal,10.549273754825164,10.549273754825164,0.9657924000057392,0.7802001,34.0,11040.0,24.0,24.0,92.0,5.0,12.0,False,0.0,True,True,True,gridworld,1001,Direct-CVX,10.549273754825164,1.0,0.0,,,
0.0,5.551115123125783e-17,5.551115123125783e-17,1.1102230246251565e-15,0.0,soft,,,,not_applicable,,3.171881302516645,,,,,,,,,,,,,,,gridworld,1001,Random,10.549273754825164,0.3006729540093553,0.6993270459906447,0.0,,
0.0,0.0,0.0,6.661338147750939e-16,0.0,soft,,,,not_applicable,,6.7585476814800804,,,,,,,,,,,,,,,gridworld,1001,Additive,10.549273754825164,0.6406647356543164,0.3593352643456837,1.0,,
4.440892098500626e-16,2.220446049250313e-16,4.440892098500626e-16,6.661338147750939e-16,0.0,soft,,,,not_applicable,,10.525180273001956,,,,,,,,,,,,,,,gridworld,1001,OCG K=40,10.549273754825164,0.9977161004270851,0.0022838995729149133,40.0,,
0.0,0.0,0.0,8.881784197001252e-16,0.0,soft,,,,not_applicable,,6.369515920553848,,,,,,,,,,,,,,,gridworld,1001,Nearest-target,10.549273754825164,0.6037871486310114,0.39621285136898865,0.0,,
0.0,0.0,0.0,3.3306690738754696e-16,0.0,soft,,,,not_applicable,,2.2766735803947706,,,,,,,,,,,,,,,gridworld,1001,Marginal,10.549273754825164,0.21581329988269915,0.7841867001173009,6.0,,
4.613432826040338e-09,4.75108730135787e-09,4.75108730135787e-09,1.6795818202908208e-07,0.0,log,CLARABEL,CLARABEL,,optimal,14.192095974574338,14.192095974574322,0.9224044000147842,0.7346443,32.0,11040.0,24.0,24.0,92.0,5.0,12.0,False,1.5987211554602254e-14,True,True,True,gridworld,1001,Direct-CVX,14.192095974574322,1.0,0.0,,,
0.0,5.551115123125783e-17,5.551115123125783e-17,1.1102230246251565e-15,0.0,log,,,,not_applicable,,5.16699574803516,,,,,,,,,,,,,,,gridworld,1001,Random,14.192095974574322,0.3640755923080022,0.6359244076919979,0.0,,
0.0,0.0,0.0,6.661338147750939e-16,0.0,log,,,,not_applicable,,12.072776298502479,,,,,,,,,,,,,,,gridworld,1001,Additive,14.192095974574322,0.8506690146495145,0.14933098535048556,1.0,,
4.440892098500626e-16,2.220446049250313e-16,4.440892098500626e-16,6.661338147750939e-16,0.0,log,,,,not_applicable,,14.174975924316813,,,,,,,,,,,,,,,gridworld,1001,OCG K=40,14.192095974574322,0.9987936912004978,0.0012063087995021907,40.0,,
2.331007747863254e-09,2.521795772203461e-09,2.521795772203461e-09,9.848086901520503e-08,0.0,soft,CLARABEL,CLARABEL,,optimal,10.607347035317703,10.607347035317702,0.9418005000334233,0.7558237,32.0,11040.0,24.0,24.0,92.0,5.0,12.0,False,1.7763568394002505e-15,True,True,True,gridworld,1002,Direct-CVX,10.607347035317702,1.0,0.0,,,
0.0,5.551115123125783e-17,5.551115123125783e-17,8.881784197001252e-16,0.0,soft,,,,not_applicable,,2.9586458195807315,,,,,,,,,,,,,,,gridworld,1002,Random,10.607347035317702,0.27892420317066746,0.7210757968293326,0.0,,
0.0,0.0,0.0,7.771561172376096e-16,0.0,soft,,,,not_applicable,,5.184579794713169,,,,,,,,,,,,,,,gridworld,1002,Additive,10.607347035317702,0.48877252506690383,0.5112274749330962,1.0,,
4.440892098500626e-16,3.3306690738754696e-16,4.440892098500626e-16,6.661338147750939e-16,0.0,soft,,,,not_applicable,,10.595208806272638,,,,,,,,,,,,,,,gridworld,1002,OCG K=40,10.607347035317702,0.9988556772014106,0.0011443227985894265,40.0,,
0.0,0.0,0.0,1.5543122344752192e-15,0.0,soft,,,,not_applicable,,4.90943612193728,,,,,,,,,,,,,,,gridworld,1002,Nearest-target,10.607347035317702,0.4628335535352113,0.5371664464647887,0.0,,
0.0,0.0,0.0,4.440892098500626e-16,0.0,soft,,,,not_applicable,,2.9381595086659273,,,,,,,,,,,,,,,gridworld,1002,Marginal,10.607347035317702,0.27699287096794095,0.723007129032059,6.0,,
3.751526380036583e-09,4.042141621418693e-09,4.042141621418693e-09,1.6518049439362414e-07,0.0,log,CLARABEL,CLARABEL,,optimal,13.845631684003756,13.845631684003752,0.9475691000116058,0.7624356,32.0,11040.0,24.0,24.0,92.0,5.0,12.0,False,3.552713678800501e-15,True,True,True,gridworld,1002,Direct-CVX,13.845631684003752,1.0,0.0,,,
0.0,5.551115123125783e-17,5.551115123125783e-17,8.881784197001252e-16,0.0,log,,,,not_applicable,,3.705338600660175,,,,,,,,,,,,,,,gridworld,1002,Random,13.845631684003752,0.2676178801535691,0.7323821198464309,0.0,,
0.0,0.0,0.0,7.771561172376096e-16,0.0,log,,,,not_applicable,,9.138054051352233,,,,,,,,,,,,,,,gridworld,1002,Additive,13.845631684003752,0.6599954599333798,0.3400045400666202,1.0,,
4.440892098500626e-16,2.220446049250313e-16,4.440892098500626e-16,6.661338147750939e-16,0.0,log,,,,not_applicable,,13.820794881389082,,,,,,,,,,,,,,,gridworld,1002,OCG K=40,13.845631684003752,0.9982061632736219,0.0017938367263781122,40.0,,
2.283025619905929e-09,2.2555030065873893e-09,2.283025619905929e-09,9.276669099556045e-08,0.0,soft,CLARABEL,CLARABEL,,optimal,10.884347268813528,10.88434726881353,0.8079647999838926,0.6097379,26.0,11040.0,24.0,24.0,92.0,5.0,12.0,False,1.7763568394002505e-15,True,True,True,gridworld,1003,Direct-CVX,10.88434726881353,1.0,0.0,,,
0.0,5.551115123125783e-17,5.551115123125783e-17,6.661338147750939e-16,0.0,soft,,,,not_applicable,,2.5967487291227154,,,,,,,,,,,,,,,gridworld,1003,Random,10.88434726881353,0.23857643136424656,0.7614235686357534,0.0,,
0.0,0.0,0.0,4.440892098500626e-16,0.0,soft,,,,not_applicable,,5.5782574180429485,,,,,,,,,,,,,,,gridworld,1003,Additive,10.88434726881353,0.512502705056655,0.48749729494334504,1.0,,
4.440892098500626e-16,5.551115123125783e-16,5.551115123125783e-16,7.771561172376096e-16,0.0,soft,,,,not_applicable,,10.873696673835282,,,,,,,,,,,,,,,gridworld,1003,OCG K=40,10.88434726881353,0.999021476004467,0.0009785239955329946,40.0,,
0.0,0.0,0.0,9.992007221626409e-16,0.0,soft,,,,not_applicable,,6.435818864573896,,,,,,,,,,,,,,,gridworld,1003,Nearest-target,10.88434726881353,0.5912912098104571,0.4087087901895429,0.0,,
0.0,0.0,0.0,6.661338147750939e-16,0.0,soft,,,,not_applicable,,2.2451608179781415,,,,,,,,,,,,,,,gridworld,1003,Marginal,10.88434726881353,0.20627427281846364,0.7937257271815364,6.0,,
3.616834472647349e-09,3.419833305429165e-09,3.616834472647349e-09,1.5159785760054945e-07,0.0,log,CLARABEL,CLARABEL,,optimal,15.100409557943992,15.10040955794399,0.8005144000053406,0.6144992,27.0,11040.0,24.0,24.0,92.0,5.0,12.0,False,1.7763568394002505e-15,True,True,True,gridworld,1003,Direct-CVX,15.10040955794399,1.0,0.0,,,
0.0,5.551115123125783e-17,5.551115123125783e-17,6.661338147750939e-16,0.0,log,,,,not_applicable,,3.364675772434833,,,,,,,,,,,,,,,gridworld,1003,Random,15.10040955794399,0.22282016653414224,0.7771798334658578,0.0,,
0.0,0.0,0.0,4.440892098500626e-16,0.0,log,,,,not_applicable,,11.272323243591888,,,,,,,,,,,,,,,gridworld,1003,Additive,15.10040955794399,0.7464912259721969,0.2535087740278032,1.0,,
4.440892098500626e-16,4.440892098500626e-16,4.440892098500626e-16,6.661338147750939e-16,0.0,log,,,,not_applicable,,15.08962900003695,,,,,,,,,,,,,,,gridworld,1003,OCG K=40,15.10040955794399,0.9992860751315603,0.0007139248684396591,40.0,,
9.61911076507198e-10,1.1852948622603776e-09,1.1852948622603776e-09,3.96207067154819e-08,0.0,soft,CLARABEL,CLARABEL,,optimal,11.12815267556963,11.128152675569629,0.8727254999685101,0.6828059,29.0,11040.0,24.0,24.0,92.0,5.0,12.0,False,1.7763568394002505e-15,True,True,True,gridworld,1004,Direct-CVX,11.128152675569629,1.0,0.0,,,
0.0,1.1102230246251565e-16,1.1102230246251565e-16,8.881784197001252e-16,0.0,soft,,,,not_applicable,,4.116997716894252,,,,,,,,,,,,,,,gridworld,1004,Random,11.128152675569629,0.36996236814153083,0.6300376318584692,0.0,,
0.0,0.0,0.0,1.1102230246251565e-16,0.0,soft,,,,not_applicable,,3.1453920433100215,,,,,,,,,,,,,,,gridworld,1004,Additive,11.128152675569629,0.2826517693467047,0.7173482306532953,1.0,,
4.440892098500626e-16,1.1102230246251565e-15,1.1102230246251565e-15,8.881784197001252e-16,0.0,soft,,,,not_applicable,,11.112345451271034,,,,,,,,,,,,,,,gridworld,1004,OCG K=40,11.128152675569629,0.9985795284483023,0.001420471551697627,40.0,,
0.0,0.0,0.0,1.5543122344752192e-15,0.0,soft,,,,not_applicable,,7.016255291814446,,,,,,,,,,,,,,,gridworld,1004,Nearest-target,11.128152675569629,0.6304959588861228,0.36950404111387725,0.0,,
0.0,0.0,0.0,5.551115123125783e-16,0.0,soft,,,,not_applicable,,5.5806799499895,,,,,,,,,,,,,,,gridworld,1004,Marginal,11.128152675569629,0.5014920367008566,0.4985079632991434,6.0,,
4.034736499308296e-09,4.959498034473597e-09,4.959498034473597e-09,1.7691805731523402e-07,0.0,log,CLARABEL,CLARABEL,,optimal,15.867237726942884,15.867237726942886,0.9050048999488354,0.7219862,26.0,11040.0,24.0,24.0,92.0,5.0,12.0,False,1.7763568394002505e-15,True,True,True,gridworld,1004,Direct-CVX,15.867237726942886,1.0,0.0,,,
0.0,1.1102230246251565e-16,1.1102230246251565e-16,8.881784197001252e-16,0.0,log,,,,not_applicable,,7.128397051793612,,,,,,,,,,,,,,,gridworld,1004,Random,15.867237726942886,0.44925255261597624,0.5507474473840237,0.0,,
0.0,0.0,0.0,1.1102230246251565e-16,0.0,log,,,,not_applicable,,8.57465044028912,,,,,,,,,,,,,,,gridworld,1004,Additive,15.867237726942886,0.5403996957661505,0.4596003042338495,1.0,,
4.440892098500626e-16,1.1102230246251565e-15,1.1102230246251565e-15,8.881784197001252e-16,0.0,log,,,,not_applicable,,15.838953731964047,,,,,,,,,,,,,,,gridworld,1004,OCG K=40,15.867237726942886,0.9982174594302061,0.0017825405697938304,40.0,,
2.3437881367174833e-09,2.7443314747894666e-09,2.7443314747894666e-09,9.726297278689344e-08,0.0,soft,CLARABEL,CLARABEL,,optimal,10.489022403285695,10.489022403285698,0.8924120000447147,0.6959653,31.0,11040.0,24.0,24.0,92.0,5.0,12.0,False,3.552713678800501e-15,True,True,True,gridworld,1005,Direct-CVX,10.489022403285698,1.0,0.0,,,
0.0,5.551115123125783e-17,5.551115123125783e-17,8.881784197001252e-16,0.0,soft,,,,not_applicable,,3.176492575707719,,,,,,,,,,,,,,,gridworld,1005,Random,10.489022403285698,0.30283971695137946,0.6971602830486205,0.0,,
0.0,0.0,0.0,1.1102230246251565e-16,0.0,soft,,,,not_applicable,,1.9997709110629431,,,,,,,,,,,,,,,gridworld,1005,Additive,10.489022403285698,0.19065369814030644,0.8093463018596937,1.0,,
4.440892098500626e-16,2.220446049250313e-16,4.440892098500626e-16,6.661338147750939e-16,0.0,soft,,,,not_applicable,,10.445906298373954,,,,,,,,,,,,,,,gridworld,1005,OCG K=40,10.489022403285698,0.9958894067288636,0.004110593271136344,40.0,,
0.0,0.0,0.0,1.5543122344752192e-15,0.0,soft,,,,not_applicable,,4.901667116901143,,,,,,,,,,,,,,,gridworld,1005,Nearest-target,10.489022403285698,0.467314009679843,0.5326859903201571,0.0,,
0.0,0.0,0.0,7.771561172376096e-16,0.0,soft,,,,not_applicable,,5.781691223589155,,,,,,,,,,,,,,,gridworld,1005,Marginal,10.489022403285698,0.5512135451038824,0.44878645489611757,6.0,,
2.7503564213215147e-09,3.160211232222137e-09,3.160211232222137e-09,1.1834266788746106e-07,0.0,log,CLARABEL,CLARABEL,,optimal,13.55142483878348,13.551424838783477,0.9320594000164419,0.7517862,33.0,11040.0,24.0,24.0,92.0,5.0,12.0,False,3.552713678800501e-15,True,True,True,gridworld,1005,Direct-CVX,13.551424838783477,1.0,0.0,,,
0.0,5.551115123125783e-17,5.551115123125783e-17,8.881784197001252e-16,0.0,log,,,,not_applicable,,4.686387698653328,,,,,,,,,,,,,,,gridworld,1005,Random,13.551424838783477,0.34582250607634474,0.6541774939236552,0.0,,
0.0,0.0,0.0,1.1102230246251565e-16,0.0,log,,,,not_applicable,,5.2882492230368765,,,,,,,,,,,,,,,gridworld,1005,Additive,13.551424838783477,0.3902356605264253,0.6097643394735747,1.0,,
4.440892098500626e-16,2.220446049250313e-16,4.440892098500626e-16,7.771561172376096e-16,0.0,log,,,,not_applicable,,13.520634529829001,,,,,,,,,,,,,,,gridworld,1005,OCG K=40,13.551424838783477,0.9977278913973419,0.0022721086026581947,40.0,,
1.2025314412083564e-09,1.344197830510622e-09,1.344197830510622e-09,5.847176498541273e-08,0.0,soft,CLARABEL,CLARABEL,,optimal,10.645854141098454,10.645854141098454,0.9085792999831028,0.720486,31.0,11040.0,24.0,24.0,92.0,5.0,12.0,False,0.0,True,True,True,gridworld,1006,Direct-CVX,10.645854141098454,1.0,0.0,,,
0.0,5.551115123125783e-17,5.551115123125783e-17,8.881784197001252e-16,0.0,soft,,,,not_applicable,,4.053498362088323,,,,,,,,,,,,,,,gridworld,1006,Random,10.645854141098454,0.38075839743471046,0.6192416025652896,0.0,,
0.0,0.0,0.0,3.3306690738754696e-16,0.0,soft,,,,not_applicable,,3.9132692510763025,,,,,,,,,,,,,,,gridworld,1006,Additive,10.645854141098454,0.3675862170578758,0.6324137829421241,1.0,,
4.440892098500626e-16,1.1102230246251565e-15,1.1102230246251565e-15,8.881784197001252e-16,0.0,soft,,,,not_applicable,,10.625783718785318,,,,,,,,,,,,,,,gridworld,1006,OCG K=40,10.645854141098454,0.9981147193971357,0.0018852806028643518,40.0,,
0.0,0.0,0.0,1.1102230246251565e-15,0.0,soft,,,,not_applicable,,5.472831680156269,,,,,,,,,,,,,,,gridworld,1006,Nearest-target,10.645854141098454,0.5140810316974318,0.48591896830256825,0.0,,
0.0,0.0,0.0,4.440892098500626e-16,0.0,soft,,,,not_applicable,,4.42241743503855,,,,,,,,,,,,,,,gridworld,1006,Marginal,10.645854141098454,0.4154121760851252,0.5845878239148747,6.0,,
4.109069216514881e-09,4.5377257069738846e-09,4.5377257069738846e-09,2.0705912562313245e-07,0.0,log,CLARABEL,CLARABEL,,optimal,14.490847254306034,14.490847254306042,0.8904100999934599,0.7031069,29.0,11040.0,24.0,24.0,92.0,5.0,12.0,False,7.105427357601002e-15,True,True,True,gridworld,1006,Direct-CVX,14.490847254306042,1.0,0.0,,,
0.0,5.551115123125783e-17,5.551115123125783e-17,8.881784197001252e-16,0.0,log,,,,not_applicable,,5.726501549612213,,,,,,,,,,,,,,,gridworld,1006,Random,14.490847254306042,0.39518058876167844,0.6048194112383215,0.0,,
0.0,0.0,0.0,3.3306690738754696e-16,0.0,log,,,,not_applicable,,9.168018986522581,,,,,,,,,,,,,,,gridworld,1006,Additive,14.490847254306042,0.6326765319949287,0.3673234680050713,1.0,,
4.440892098500626e-16,1.1102230246251565e-15,1.1102230246251565e-15,8.881784197001252e-16,0.0,log,,,,not_applicable,,14.477720797858854,,,,,,,,,,,,,,,gridworld,1006,OCG K=40,14.490847254306042,0.9990941553508346,0.0009058446491654755,40.0,,
2.780367216173138e-09,2.603640747445013e-09,2.780367216173138e-09,9.94744624449595e-08,0.0,soft,CLARABEL,CLARABEL,,optimal,10.590754303871792,10.5907543038718,1.007557499979157,0.8232697,34.0,11040.0,24.0,24.0,92.0,5.0,12.0,False,7.105427357601002e-15,True,True,True,gridworld,1007,Direct-CVX,10.5907543038718,1.0,0.0,,,
0.0,5.551115123125783e-17,5.551115123125783e-17,6.661338147750939e-16,0.0,soft,,,,not_applicable,,3.1307729812500327,,,,,,,,,,,,,,,gridworld,1007,Random,10.5907543038718,0.29561378646141145,0.7043862135385885,0.0,,
0.0,0.0,0.0,7.771561172376096e-16,0.0,soft,,,,not_applicable,,7.629164032714126,,,,,,,,,,,,,,,gridworld,1007,Additive,10.5907543038718,0.7203607801500063,0.27963921984999374,1.0,,
4.440892098500626e-16,4.440892098500626e-16,4.440892098500626e-16,8.881784197001252e-16,0.0,soft,,,,not_applicable,,10.561673462018536,,,,,,,,,,,,,,,gridworld,1007,OCG K=40,10.5907543038718,0.9972541293076139,0.002745870692386059,40.0,,
0.0,0.0,0.0,1.3322676295501878e-15,0.0,soft,,,,not_applicable,,5.928181825737898,,,,,,,,,,,,,,,gridworld,1007,Nearest-target,10.5907543038718,0.5597506707875053,0.4402493292124947,0.0,,
0.0,0.0,0.0,6.661338147750939e-16,0.0,soft,,,,not_applicable,,4.101990570370167,,,,,,,,,,,,,,,gridworld,1007,Marginal,10.5907543038718,0.3873180750563299,0.61268192494367,6.0,,
5.031104187276618e-09,5.009147208134834e-09,5.031104187276618e-09,1.931000006560879e-07,0.0,log,CLARABEL,CLARABEL,,optimal,13.914836256472885,13.914836256472883,1.0627064000000246,0.8793362,37.0,11040.0,24.0,24.0,92.0,5.0,12.0,False,1.7763568394002505e-15,True,True,True,gridworld,1007,Direct-CVX,13.914836256472883,1.0,0.0,,,
0.0,5.551115123125783e-17,5.551115123125783e-17,6.661338147750939e-16,0.0,log,,,,not_applicable,,5.749767303125648,,,,,,,,,,,,,,,gridworld,1007,Random,13.914836256472883,0.41321128018671294,0.586788719813287,0.0,,
0.0,0.0,0.0,7.771561172376096e-16,0.0,log,,,,not_applicable,,11.949857773860161,,,,,,,,,,,,,,,gridworld,1007,Additive,13.914836256472883,0.858785367905522,0.141214632094478,1.0,,
4.440892098500626e-16,4.440892098500626e-16,4.440892098500626e-16,8.881784197001252e-16,0.0,log,,,,not_applicable,,13.893550425052172,,,,,,,,,,,,,,,gridworld,1007,OCG K=40,13.914836256472883,0.998470277980396,0.0015297220196040043,40.0,,
1.6511670909983243e-09,1.9600511075301696e-09,1.9600511075301696e-09,6.926066786760998e-08,0.0,soft,CLARABEL,CLARABEL,,optimal,10.418470337175624,10.418470337175622,0.8935154000064358,0.7012761,30.0,11040.0,24.0,24.0,92.0,5.0,12.0,False,1.7763568394002505e-15,True,True,True,gridworld,1008,Direct-CVX,10.418470337175622,1.0,0.0,,,
0.0,5.551115123125783e-17,5.551115123125783e-17,4.440892098500626e-16,0.0,soft,,,,not_applicable,,3.152921261796121,,,,,,,,,,,,,,,gridworld,1008,Random,10.418470337175622,0.3026280403703541,0.6973719596296459,0.0,,
0.0,0.0,0.0,1.1102230246251565e-16,0.0,soft,,,,not_applicable,,2.0207103853288215,,,,,,,,,,,,,,,gridworld,1008,Additive,10.418470337175622,0.1939546132908243,0.8060453867091758,1.0,,
4.440892098500626e-16,2.220446049250313e-16,4.440892098500626e-16,6.661338147750939e-16,0.0,soft,,,,not_applicable,,10.377898575033383,,,,,,,,,,,,,,,gridworld,1008,OCG K=40,10.418470337175622,0.9961057851268752,0.0038942148731248146,40.0,,
0.0,0.0,0.0,6.661338147750939e-16,0.0,soft,,,,not_applicable,,5.99483158496604,,,,,,,,,,,,,,,gridworld,1008,Nearest-target,10.418470337175622,0.5754041995565348,0.42459580044346523,0.0,,
0.0,0.0,0.0,7.771561172376096e-16,0.0,soft,,,,not_applicable,,5.344601390146574,,,,,,,,,,,,,,,gridworld,1008,Marginal,10.418470337175622,0.5129929075169263,0.4870070924830737,6.0,,
2.1289015767695056e-09,2.440755694776975e-09,2.440755694776975e-09,8.949585739159716e-08,0.0,log,CLARABEL,CLARABEL,,optimal,13.538735307398749,13.538735307398754,0.8171793999499641,0.624069,27.0,11040.0,24.0,24.0,92.0,5.0,12.0,False,5.329070518200751e-15,True,True,True,gridworld,1008,Direct-CVX,13.538735307398754,1.0,0.0,,,
0.0,5.551115123125783e-17,5.551115123125783e-17,4.440892098500626e-16,0.0,log,,,,not_applicable,,5.875766471719916,,,,,,,,,,,,,,,gridworld,1008,Random,13.538735307398754,0.4339967019304145,0.5660032980695855,0.0,,
0.0,0.0,0.0,1.1102230246251565e-16,0.0,log,,,,not_applicable,,5.921135493904871,,,,,,,,,,,,,,,gridworld,1008,Additive,13.538735307398754,0.43734775512370366,0.5626522448762964,1.0,,
4.440892098500626e-16,2.220446049250313e-16,4.440892098500626e-16,6.661338147750939e-16,0.0,log,,,,not_applicable,,13.512853224384969,,,,,,,,,,,,,,,gridworld,1008,OCG K=40,13.538735307398754,0.9980882938896337,0.0019117061103662407,40.0,,
2.9162207015538033e-09,3.3642429603193743e-09,3.3642429603193743e-09,1.2268172078222506e-07,0.0,soft,CLARABEL,CLARABEL,,optimal,10.889471521253387,10.88947152125339,0.7702299000229686,0.5852738,26.0,11040.0,24.0,24.0,92.0,5.0,12.0,False,1.7763568394002505e-15,True,True,True,gridworld,1009,Direct-CVX,10.88947152125339,1.0,0.0,,,
0.0,5.551115123125783e-17,5.551115123125783e-17,8.881784197001252e-16,0.0,soft,,,,not_applicable,,3.508288506772096,,,,,,,,,,,,,,,gridworld,1009,Random,10.88947152125339,0.32217252232349736,0.6778274776765026,0.0,,
0.0,0.0,0.0,5.551115123125783e-16,0.0,soft,,,,not_applicable,,5.066484654264878,,,,,,,,,,,,,,,gridworld,1009,Additive,10.88947152125339,0.46526451209100733,0.5347354879089926,1.0,,
4.440892098500626e-16,9.992007221626409e-16,9.992007221626409e-16,8.881784197001252e-16,0.0,soft,,,,not_applicable,,10.869069413021162,,,,,,,,,,,,,,,gridworld,1009,OCG K=40,10.88947152125339,0.9981264372479043,0.001873562752095717,40.0,,
0.0,0.0,0.0,1.2212453270876722e-15,0.0,soft,,,,not_applicable,,6.425529368687768,,,,,,,,,,,,,,,gridworld,1009,Nearest-target,10.88947152125339,0.5900680630962506,0.40993193690374946,0.0,,
0.0,0.0,0.0,7.771561172376096e-16,0.0,soft,,,,not_applicable,,5.76273047376953,,,,,,,,,,,,,,,gridworld,1009,Marginal,10.88947152125339,0.5292020335901695,0.47079796640983057,6.0,,
3.919767810344525e-09,4.458179048150157e-09,4.458179048150157e-09,1.6848909090150244e-07,0.0,log,CLARABEL,CLARABEL,,optimal,14.912204492476004,14.912204492476013,0.8950557999778539,0.7018412,29.0,11040.0,24.0,24.0,92.0,5.0,12.0,False,8.881784197001252e-15,True,True,True,gridworld,1009,Direct-CVX,14.912204492476013,1.0,0.0,,,
0.0,5.551115123125783e-17,5.551115123125783e-17,8.881784197001252e-16,0.0,log,,,,not_applicable,,6.310678226075769,,,,,,,,,,,,,,,gridworld,1009,Random,14.912204492476013,0.4231888202217074,0.5768111797782925,0.0,,
0.0,0.0,0.0,5.551115123125783e-16,0.0,log,,,,not_applicable,,9.892485505012502,,,,,,,,,,,,,,,gridworld,1009,Additive,14.912204492476013,0.6633818299637574,0.33661817003624256,1.0,,
4.440892098500626e-16,1.1102230246251565e-15,1.1102230246251565e-15,8.881784197001252e-16,0.0,log,,,,not_applicable,,14.89033230359932,,,,,,,,,,,,,,,gridworld,1009,OCG K=40,14.912204492476013,0.9985332692501818,0.0014667307498182338,40.0,,
7.752095354529587e-10,9.039589077275423e-10,9.039589077275423e-10,1.793968973373694e-09,0.0,soft,SCS,CLARABEL,CLARABEL,optimal,7.929877339995003,7.929877339995003,0.1828142000013031,0.0214874,525.0,1200.0,30.0,30.0,5.0,8.0,8.0,False,0.0,True,True,True,allocation,2000,Direct-CVX,7.929877339995003,1.0,0.0,,5.0,8.0
0.0,0.0,0.0,8.881784197001252e-16,0.0040618055179429844,soft,,,,not_applicable,,7.641775261745531,,,,,,30.0,,,,,,,,,allocation,2000,Random,7.929877339995003,0.9636687850395359,0.036331214960464146,0.0,5.0,8.0
0.0,0.0,0.0,4.440892098500626e-16,0.0,soft,,,,not_applicable,,4.995615493853535,,,,,,30.0,,,,,,,,,allocation,2000,Myopic-effectiveness,7.929877339995003,0.6299738671439126,0.37002613285608743,0.0,5.0,8.0
0.0,0.0,0.0,4.440892098500626e-16,0.0,soft,,,,not_applicable,,4.995615493853535,,,,,,30.0,,,,,,,,,allocation,2000,Additive,7.929877339995003,0.6299738671439126,0.37002613285608743,1.0,5.0,8.0
0.0,0.0,0.0,2.220446049250313e-16,0.0,soft,,,,not_applicable,,2.9822661710986353,,,,,,30.0,,,,,,,,,allocation,2000,Marginal,7.929877339995003,0.37607973531410444,0.6239202646858955,6.0,5.0,8.0
5.551115123125783e-17,8.326672684688674e-17,8.326672684688674e-17,4.440892098500626e-16,0.0,soft,,,,not_applicable,,7.928131744156342,,,,,,30.0,,,,,,,,,allocation,2000,OCG K=40,7.929877339995003,0.9997798710164334,0.00022012898356657816,40.0,5.0,8.0
3.356585343006202e-09,3.6179915730016887e-09,3.6179915730016887e-09,3.2552702755594964e-09,0.0,log,CLARABEL,CLARABEL,,optimal,14.124485535721034,14.124485535721034,0.08770059997914359,0.0126123,22.0,1200.0,30.0,30.0,5.0,8.0,8.0,False,0.0,True,True,True,allocation,2000,Direct-CVX,14.124485535721034,1.0,0.0,,5.0,8.0
0.0,0.0,0.0,8.881784197001252e-16,0.0040618055179429844,log,,,,not_applicable,,11.482173956429751,,,,,,30.0,,,,,,,,,allocation,2000,Random,14.124485535721034,0.8129268798775829,0.18707312012241703,0.0,5.0,8.0
0.0,0.0,0.0,4.440892098500626e-16,0.0,log,,,,not_applicable,,11.094086032054099,,,,,,30.0,,,,,,,,,allocation,2000,Myopic-effectiveness,14.124485535721034,0.7854506278474349,0.2145493721525651,0.0,5.0,8.0
0.0,0.0,0.0,4.440892098500626e-16,0.0,log,,,,not_applicable,,11.094086032054099,,,,,,30.0,,,,,,,,,allocation,2000,Additive,14.124485535721034,0.7854506278474349,0.2145493721525651,1.0,5.0,8.0
0.0,0.0,0.0,2.220446049250313e-16,0.0,log,,,,not_applicable,,7.003399999463428,,,,,,30.0,,,,,,,,,allocation,2000,Marginal,14.124485535721034,0.4958339885549619,0.504166011445038,6.0,5.0,8.0
5.551115123125783e-17,8.326672684688674e-17,8.326672684688674e-17,6.661338147750939e-16,0.0,log,,,,not_applicable,,14.108577052072558,,,,,,30.0,,,,,,,,,allocation,2000,OCG K=40,14.124485535721034,0.9988736946483294,0.0011263053516705251,40.0,5.0,8.0
3.123106218083649e-10,1.258088078159858e-11,3.123106218083649e-10,8.401724871376359e-10,4.245713870550955e-09,soft,CLARABEL,CLARABEL,,optimal,7.923025337611907,7.923025337611907,0.08923450001748279,0.0129518,22.0,1200.0,30.0,30.0,5.0,8.0,8.0,False,0.0,True,True,True,allocation,2001,Direct-CVX,7.923025337611907,1.0,0.0,,5.0,8.0
0.0,0.0,0.0,8.881784197001252e-16,0.0018433619929174886,soft,,,,not_applicable,,7.717858026348091,,,,,,30.0,,,,,,,,,allocation,2001,Random,7.923025337611907,0.9741049280393118,0.02589507196068816,0.0,5.0,8.0
0.0,0.0,0.0,4.440892098500626e-16,0.0,soft,,,,not_applicable,,4.9949499777905535,,,,,,30.0,,,,,,,,,allocation,2001,Myopic-effectiveness,7.923025337611907,0.6304346843469883,0.36956531565301165,0.0,5.0,8.0
0.0,0.0,0.0,4.440892098500626e-16,0.0,soft,,,,not_applicable,,5.215285711315568,,,,,,30.0,,,,,,,,,allocation,2001,Additive,7.923025337611907,0.6582442298344986,0.3417557701655014,1.0,5.0,8.0
0.0,0.0,0.0,2.220446049250313e-16,0.0,soft,,,,not_applicable,,2.9900152915798746,,,,,,30.0,,,,,,,,,allocation,2001,Marginal,7.923025337611907,0.37738302784237976,0.6226169721576202,6.0,5.0,8.0
5.551115123125783e-17,1.1102230246251565e-16,1.1102230246251565e-16,4.440892098500626e-16,0.0,soft,,,,not_applicable,,7.91972437142844,,,,,,30.0,,,,,,,,,allocation,2001,OCG K=40,7.923025337611907,0.999583370487559,0.00041662951244099124,40.0,5.0,8.0
1.6031153071693893e-09,1.040870278856687e-09,1.6031153071693893e-09,2.6028252886334258e-09,0.0,log,CLARABEL,CLARABEL,,optimal,13.898033686079371,13.898033686079371,0.08686480001779273,0.0128618,22.0,1200.0,30.0,30.0,5.0,8.0,8.0,False,0.0,True,True,True,allocation,2001,Direct-CVX,13.898033686079371,1.0,0.0,,5.0,8.0
0.0,0.0,0.0,8.881784197001252e-16,0.0018433619929174886,log,,,,not_applicable,,11.835604364679654,,,,,,30.0,,,,,,,,,allocation,2001,Random,13.898033686079371,0.8516027973463973,0.1483972026536027,0.0,5.0,8.0
0.0,0.0,0.0,4.440892098500626e-16,0.0,log,,,,not_applicable,,10.842780680846818,,,,,,30.0,,,,,,,,,allocation,2001,Myopic-effectiveness,13.898033686079371,0.7801665275647753,0.2198334724352246,0.0,5.0,8.0
0.0,0.0,0.0,4.440892098500626e-16,0.0,log,,,,not_applicable,,10.936620102616569,,,,,,30.0,,,,,,,,,allocation,2001,Additive,13.898033686079371,0.7869185202487291,0.21308147975127087,1.0,5.0,8.0
0.0,0.0,0.0,2.220446049250313e-16,0.0,log,,,,not_applicable,,7.264459190226658,,,,,,30.0,,,,,,,,,allocation,2001,Marginal,13.898033686079371,0.5226969047789061,0.47730309522109393,6.0,5.0,8.0
1.1102230246251565e-16,1.1102230246251565e-16,1.1102230246251565e-16,2.220446049250313e-16,0.0,log,,,,not_applicable,,13.878866293653216,,,,,,30.0,,,,,,,,,allocation,2001,OCG K=40,13.898033686079371,0.9986208558088794,0.0013791441911206199,40.0,5.0,8.0
2.2946305966442537e-10,6.477984815234095e-12,2.2946305966442537e-10,8.267354578705977e-10,4.58447848343333e-09,soft,CLARABEL,CLARABEL,,optimal,7.932195557199554,7.932195557199554,0.09589509997749701,0.0135472,22.0,1200.0,30.0,30.0,5.0,8.0,8.0,False,0.0,True,True,True,allocation,2002,Direct-CVX,7.932195557199554,1.0,0.0,,5.0,8.0
0.0,0.0,0.0,2.220446049250313e-16,0.005383415207658945,soft,,,,not_applicable,,7.5896545382319385,,,,,,30.0,,,,,,,,,allocation,2002,Random,7.932195557199554,0.9568163673603945,0.04318363263960541,0.0,5.0,8.0
0.0,0.0,0.0,1.3322676295501878e-15,0.0,soft,,,,not_applicable,,4.994088117059947,,,,,,30.0,,,,,,,,,allocation,2002,Myopic-effectiveness,7.932195557199554,0.6295972005540292,0.3704027994459708,0.0,5.0,8.0
0.0,0.0,0.0,1.3322676295501878e-15,0.0,soft,,,,not_applicable,,4.994088117059947,,,,,,30.0,,,,,,,,,allocation,2002,Additive,7.932195557199554,0.6295972005540292,0.3704027994459708,1.0,5.0,8.0
0.0,0.0,0.0,3.3306690738754696e-16,0.0,soft,,,,not_applicable,,2.9749029932073605,,,,,,30.0,,,,,,,,,allocation,2002,Marginal,7.932195557199554,0.3750415596482904,0.6249584403517097,6.0,5.0,8.0
1.1102230246251565e-16,8.326672684688674e-17,1.1102230246251565e-16,4.440892098500626e-16,0.0,soft,,,,not_applicable,,7.930229941811755,,,,,,30.0,,,,,,,,,allocation,2002,OCG K=40,7.932195557199554,0.9997521978153936,0.0002478021846064469,40.0,5.0,8.0
1.9561440245396966e-09,2.699269141537286e-09,2.699269141537286e-09,3.3813911670677044e-09,0.0,log,CLARABEL,CLARABEL,,optimal,14.154423920492697,14.154423920492697,0.10121140000410378,0.0128297,22.0,1200.0,30.0,30.0,5.0,8.0,8.0,False,0.0,True,True,True,allocation,2002,Direct-CVX,14.154423920492697,1.0,0.0,,5.0,8.0
0.0,0.0,0.0,2.220446049250313e-16,0.005383415207658945,log,,,,not_applicable,,11.268298130444212,,,,,,30.0,,,,,,,,,allocation,2002,Random,14.154423920492697,0.7960972621520847,0.20390273784791538,0.0,5.0,8.0
0.0,0.0,0.0,1.3322676295501878e-15,0.0,log,,,,not_applicable,,11.040105070235454,,,,,,30.0,,,,,,,,,allocation,2002,Myopic-effectiveness,14.154423920492697,0.7799755844709194,0.22002441552908059,0.0,5.0,8.0
0.0,0.0,0.0,1.3322676295501878e-15,0.0,log,,,,not_applicable,,11.040105070235454,,,,,,30.0,,,,,,,,,allocation,2002,Additive,14.154423920492697,0.7799755844709194,0.22002441552908059,1.0,5.0,8.0
0.0,0.0,0.0,3.3306690738754696e-16,0.0,log,,,,not_applicable,,7.071066695400919,,,,,,30.0,,,,,,,,,allocation,2002,Marginal,14.154423920492697,0.49956584140195687,0.5004341585980431,6.0,5.0,8.0
1.1102230246251565e-16,1.1102230246251565e-16,1.1102230246251565e-16,2.220446049250313e-16,0.0,log,,,,not_applicable,,14.145572628585835,,,,,,30.0,,,,,,,,,allocation,2002,OCG K=40,14.154423920492697,0.9993746625114113,0.0006253374885887401,40.0,5.0,8.0
7.95855825685976e-10,1.582067810090848e-15,7.95855825685976e-10,1.0730970556593888e-09,5.83409640580803e-09,soft,CLARABEL,CLARABEL,,optimal,7.893621535112764,7.893621535112764,0.09421290003228933,0.0141202,23.0,1200.0,30.0,30.0,5.0,8.0,8.0,False,0.0,True,True,True,allocation,2003,Direct-CVX,7.893621535112764,1.0,0.0,,5.0,8.0
0.0,0.0,0.0,6.661338147750939e-16,0.0006369242128383012,soft,,,,not_applicable,,7.60705817508111,,,,,,30.0,,,,,,,,,allocation,2003,Random,7.893621535112764,0.9636968457688337,0.0363031542311663,0.0,5.0,8.0
0.0,0.0,0.0,6.661338147750939e-16,0.0,soft,,,,not_applicable,,4.991721503533945,,,,,,30.0,,,,,,,,,allocation,2003,Myopic-effectiveness,7.893621535112764,0.6323740606677865,0.3676259393322135,0.0,5.0,8.0
0.0,0.0,0.0,6.661338147750939e-16,0.0,soft,,,,not_applicable,,4.813476030332589,,,,,,30.0,,,,,,,,,allocation,2003,Additive,7.893621535112764,0.6097931106680334,0.3902068893319666,1.0,5.0,8.0
0.0,0.0,0.0,9.992007221626409e-16,0.0,soft,,,,not_applicable,,1.9988613358794227,,,,,,30.0,,,,,,,,,allocation,2003,Marginal,7.893621535112764,0.25322487618490414,0.7467751238150958,6.0,5.0,8.0
3.469446951953614e-18,1.3877787807814457e-16,1.3877787807814457e-16,4.440892098500626e-16,0.0,soft,,,,not_applicable,,7.888096638807056,,,,,,30.0,,,,,,,,,allocation,2003,OCG K=40,7.893621535112764,0.9993000809221557,0.0006999190778443188,40.0,5.0,8.0
4.368792438924629e-09,8.107714222216345e-10,4.368792438924629e-09,5.4988658071408736e-09,0.0,log,CLARABEL,CLARABEL,,optimal,13.73694085882348,13.73694085882348,0.09582149999914691,0.0169573,28.0,1200.0,30.0,30.0,5.0,8.0,8.0,False,0.0,True,True,True,allocation,2003,Direct-CVX,13.73694085882348,1.0,0.0,,5.0,8.0
0.0,0.0,0.0,6.661338147750939e-16,0.0006369242128383012,log,,,,not_applicable,,11.691984125213796,,,,,,30.0,,,,,,,,,allocation,2003,Random,13.73694085882348,0.851134488047521,0.14886551195247902,0.0,5.0,8.0
0.0,0.0,0.0,6.661338147750939e-16,0.0,log,,,,not_applicable,,11.02408945943249,,,,,,30.0,,,,,,,,,allocation,2003,Myopic-effectiveness,13.73694085882348,0.8025141530948299,0.19748584690517013,0.0,5.0,8.0
0.0,0.0,0.0,6.661338147750939e-16,0.0,log,,,,not_applicable,,10.165559310011341,,,,,,30.0,,,,,,,,,allocation,2003,Additive,13.73694085882348,0.7400162390217923,0.25998376097820775,1.0,5.0,8.0
0.0,0.0,0.0,4.440892098500626e-16,0.0,log,,,,not_applicable,,7.424709697153567,,,,,,30.0,,,,,,,,,allocation,2003,Marginal,13.73694085882348,0.5404922226468307,0.4595077773531693,6.0,5.0,8.0
6.938893903907228e-18,1.1102230246251565e-16,1.1102230246251565e-16,4.440892098500626e-16,0.0,log,,,,not_applicable,,13.716438991362317,,,,,,30.0,,,,,,,,,allocation,2003,OCG K=40,13.73694085882348,0.9985075376190474,0.0014924623809525217,40.0,5.0,8.0
4.061875280569893e-10,1.4932499681208355e-14,4.061875280569893e-10,7.706785210004341e-10,4.866024289331736e-09,soft,CLARABEL,CLARABEL,,optimal,7.920479678260709,7.920479678260709,0.09256760001881048,0.0146867,24.0,1200.0,30.0,30.0,5.0,8.0,8.0,False,0.0,True,True,True,allocation,2004,Direct-CVX,7.920479678260709,1.0,0.0,,5.0,8.0
0.0,0.0,0.0,1.7763568394002505e-15,0.004377489692969825,soft,,,,not_applicable,,7.668545863147888,,,,,,30.0,,,,,,,,,allocation,2004,Random,7.920479678260709,0.9681921013187746,0.03180789868122535,0.0,5.0,8.0
0.0,0.0,0.0,1.5543122344752192e-15,0.0,soft,,,,not_applicable,,2.9999542763406684,,,,,,30.0,,,,,,,,,allocation,2004,Myopic-effectiveness,7.920479678260709,0.3787591658841855,0.6212408341158144,0.0,5.0,8.0
0.0,0.0,0.0,1.5543122344752192e-15,0.0,soft,,,,not_applicable,,2.9999542763406684,,,,,,30.0,,,,,,,,,allocation,2004,Additive,7.920479678260709,0.3787591658841855,0.6212408341158144,1.0,5.0,8.0
0.0,0.0,0.0,8.881784197001252e-16,0.0,soft,,,,not_applicable,,4.325292880687712,,,,,,30.0,,,,,,,,,allocation,2004,Marginal,7.920479678260709,0.5460897643054772,0.4539102356945228,6.0,5.0,8.0
5.551115123125783e-17,8.326672684688674e-17,8.326672684688674e-17,1.1102230246251565e-15,0.0,soft,,,,not_applicable,,7.91692870512024,,,,,,30.0,,,,,,,,,allocation,2004,OCG K=40,7.920479678260709,0.99955167195868,0.00044832804131997127,40.0,5.0,8.0
1.7692431963922672e-09,2.0557398838771945e-09,2.0557398838771945e-09,1.694383744421657e-09,0.0,log,CLARABEL,CLARABEL,,optimal,13.83002147270667,13.83002147270667,0.10420639999210835,0.0189372,25.0,1200.0,30.0,30.0,5.0,8.0,8.0,False,0.0,True,True,True,allocation,2004,Direct-CVX,13.83002147270667,1.0,0.0,,5.0,8.0
0.0,0.0,0.0,1.7763568394002505e-15,0.004377489692969825,log,,,,not_applicable,,11.790542988566681,,,,,,30.0,,,,,,,,,allocation,2004,Random,13.83002147270667,0.8525325149953767,0.1474674850046233,0.0,5.0,8.0
0.0,0.0,0.0,1.5543122344752192e-15,0.0,log,,,,not_applicable,,7.9462179539718925,,,,,,30.0,,,,,,,,,allocation,2004,Myopic-effectiveness,13.83002147270667,0.5745629513051465,0.42543704869485355,0.0,5.0,8.0
0.0,0.0,0.0,1.5543122344752192e-15,0.0,log,,,,not_applicable,,7.9462179539718925,,,,,,30.0,,,,,,,,,allocation,2004,Additive,13.83002147270667,0.5745629513051465,0.42543704869485355,1.0,5.0,8.0
0.0,0.0,0.0,8.881784197001252e-16,0.0,log,,,,not_applicable,,9.266916679962732,,,,,,30.0,,,,,,,,,allocation,2004,Marginal,13.83002147270667,0.6700580109908612,0.3299419890091389,6.0,5.0,8.0
5.551115123125783e-17,8.326672684688674e-17,8.326672684688674e-17,1.1102230246251565e-15,0.0,log,,,,not_applicable,,13.820288219591752,,,,,,30.0,,,,,,,,,allocation,2004,OCG K=40,13.83002147270667,0.9992962228486683,0.0007037771513317278,40.0,5.0,8.0
2.7354241094457166e-10,1.6653345369377348e-16,2.7354241094457166e-10,5.689734239311406e-10,4.769703063373641e-09,soft,CLARABEL,CLARABEL,,optimal,7.941283729899701,7.941283729899701,0.09301010001217946,0.0150765,25.0,1200.0,30.0,30.0,5.0,8.0,8.0,False,0.0,True,True,True,allocation,2005,Direct-CVX,7.941283729899701,1.0,0.0,,5.0,8.0
0.0,0.0,0.0,8.881784197001252e-16,0.0016329797885630457,soft,,,,not_applicable,,7.79502304244556,,,,,,30.0,,,,,,,,,allocation,2005,Random,7.941283729899701,0.981582236269502,0.018417763730497996,0.0,5.0,8.0
0.0,0.0,0.0,6.661338147750939e-16,0.0,soft,,,,not_applicable,,4.9822552837632905,,,,,,30.0,,,,,,,,,allocation,2005,Myopic-effectiveness,7.941283729899701,0.6273866358665183,0.3726133641334816,0.0,5.0,8.0
0.0,0.0,0.0,6.661338147750939e-16,0.0,soft,,,,not_applicable,,4.9822552837632905,,,,,,30.0,,,,,,,,,allocation,2005,Additive,7.941283729899701,0.6273866358665183,0.3726133641334816,1.0,5.0,8.0
0.0,0.0,0.0,1.7763568394002505e-15,0.0,soft,,,,not_applicable,,2.999570497225489,,,,,,30.0,,,,,,,,,allocation,2005,Marginal,7.941283729899701,0.37771859050090556,0.6222814094990945,6.0,5.0,8.0
1.1102230246251565e-16,1.1102230246251565e-16,1.1102230246251565e-16,6.661338147750939e-16,0.0,soft,,,,not_applicable,,7.937393428472268,,,,,,30.0,,,,,,,,,allocation,2005,OCG K=40,7.941283729899701,0.9995101168073386,0.0004898831926614139,40.0,5.0,8.0
2.9632462039685947e-09,2.781233965354346e-09,2.9632462039685947e-09,1.5803854891416336e-09,0.0,log,CLARABEL,CLARABEL,,optimal,14.233851499414254,14.233851499414254,0.08939540002029389,0.0148282,26.0,1200.0,30.0,30.0,5.0,8.0,8.0,False,0.0,True,True,True,allocation,2005,Direct-CVX,14.233851499414254,1.0,0.0,,5.0,8.0
0.0,0.0,0.0,8.881784197001252e-16,0.0016329797885630457,log,,,,not_applicable,,12.369454884745963,,,,,,30.0,,,,,,,,,allocation,2005,Random,14.233851499414254,0.8690167159081986,0.1309832840918014,0.0,5.0,8.0
0.0,0.0,0.0,6.661338147750939e-16,0.0,log,,,,not_applicable,,10.837040645076137,,,,,,30.0,,,,,,,,,allocation,2005,Myopic-effectiveness,14.233851499414254,0.7613568713655681,0.2386431286344319,0.0,5.0,8.0
0.0,0.0,0.0,6.661338147750939e-16,0.0,log,,,,not_applicable,,10.837040645076137,,,,,,30.0,,,,,,,,,allocation,2005,Additive,14.233851499414254,0.7613568713655681,0.2386431286344319,1.0,5.0,8.0
0.0,0.0,0.0,1.7763568394002505e-15,0.0,log,,,,not_applicable,,7.598490933731155,,,,,,30.0,,,,,,,,,allocation,2005,Marginal,14.233851499414254,0.5338323878146295,0.46616761218537056,6.0,5.0,8.0
1.1102230246251565e-16,1.1102230246251565e-16,1.1102230246251565e-16,6.661338147750939e-16,0.0,log,,,,not_applicable,,14.21598407126771,,,,,,30.0,,,,,,,,,allocation,2005,OCG K=40,14.233851499414254,0.9987447228779028,0.0012552771220971524,40.0,5.0,8.0
1.983970765451204e-10,2.3397117576706705e-12,1.983970765451204e-10,4.682826348911817e-10,2.111453419768122e-09,soft,CLARABEL,CLARABEL,,optimal,7.924947924900986,7.924947924900986,0.10038509999867529,0.0136573,23.0,1200.0,30.0,30.0,5.0,8.0,8.0,False,0.0,True,True,True,allocation,2006,Direct-CVX,7.924947924900986,1.0,0.0,,5.0,8.0
0.0,0.0,0.0,3.3306690738754696e-16,0.004185056492321572,soft,,,,not_applicable,,7.685934122013826,,,,,,30.0,,,,,,,,,allocation,2006,Random,7.924947924900986,0.9698403314252508,0.030159668574749207,0.0,5.0,8.0
0.0,0.0,0.0,7.771561172376096e-16,0.0,soft,,,,not_applicable,,3.9899132110930715,,,,,,30.0,,,,,,,,,allocation,2006,Myopic-effectiveness,7.924947924900986,0.5034623885106376,0.49653761148936243,0.0,5.0,8.0
0.0,0.0,0.0,5.551115123125783e-16,0.0,soft,,,,not_applicable,,4.99693474416485,,,,,,30.0,,,,,,,,,allocation,2006,Additive,7.924947924900986,0.6305321866486941,0.36946781335130585,1.0,5.0,8.0
0.0,0.0,0.0,2.220446049250313e-16,0.0,soft,,,,not_applicable,,1.999999595652802,,,,,,30.0,,,,,,,,,allocation,2006,Marginal,7.924947924900986,0.2523675378823123,0.7476324621176877,6.0,5.0,8.0
1.6653345369377348e-16,8.326672684688674e-17,1.6653345369377348e-16,2.220446049250313e-16,0.0,soft,,,,not_applicable,,7.9203925379681115,,,,,,30.0,,,,,,,,,allocation,2006,OCG K=40,7.924947924900986,0.999425183991612,0.0005748160083880744,40.0,5.0,8.0
1.968435872634622e-09,1.392777379538579e-09,1.968435872634622e-09,7.378471167385214e-10,0.0,log,CLARABEL,CLARABEL,,optimal,14.030435195408167,14.030435195408167,0.09464669995941222,0.0171646,29.0,1200.0,30.0,30.0,5.0,8.0,8.0,False,0.0,True,True,True,allocation,2006,Direct-CVX,14.030435195408167,1.0,0.0,,5.0,8.0
0.0,0.0,0.0,3.3306690738754696e-16,0.004185056492321572,log,,,,not_applicable,,11.95284302154792,,,,,,30.0,,,,,,,,,allocation,2006,Random,14.030435195408167,0.8519224710477837,0.14807752895221624,0.0,5.0,8.0
0.0,0.0,0.0,7.771561172376096e-16,0.0,log,,,,not_applicable,,9.380060798137531,,,,,,30.0,,,,,,,,,allocation,2006,Myopic-effectiveness,14.030435195408167,0.6685509513780019,0.33144904862199814,0.0,5.0,8.0
0.0,0.0,0.0,5.551115123125783e-16,0.0,log,,,,not_applicable,,11.131651186303806,,,,,,30.0,,,,,,,,,allocation,2006,Additive,14.030435195408167,0.7933931507660529,0.20660684923394715,1.0,5.0,8.0
0.0,0.0,0.0,2.220446049250313e-16,0.0,log,,,,not_applicable,,5.667545240446302,,,,,,30.0,,,,,,,,,allocation,2006,Marginal,14.030435195408167,0.40394650354831163,0.5960534964516884,6.0,5.0,8.0
2.7755575615628914e-17,1.1102230246251565e-16,1.1102230246251565e-16,4.440892098500626e-16,0.0,log,,,,not_applicable,,14.01847435839178,,,,,,30.0,,,,,,,,,allocation,2006,OCG K=40,14.030435195408167,0.9991475077679485,0.0008524922320514736,40.0,5.0,8.0
2.9250579736128657e-10,2.414540789530406e-12,2.9250579736128657e-10,8.897952374908868e-10,4.7527137519979276e-09,soft,CLARABEL,CLARABEL,,optimal,7.899050168196369,7.899050168196369,0.08981760003371164,0.0143096,24.0,1200.0,30.0,30.0,5.0,8.0,8.0,False,0.0,True,True,True,allocation,2007,Direct-CVX,7.899050168196369,1.0,0.0,,5.0,8.0
0.0,0.0,0.0,1.7763568394002505e-15,0.013192629828133191,soft,,,,not_applicable,,7.678896285448049,,,,,,30.0,,,,,,,,,allocation,2007,Random,7.899050168196369,0.9721290689310069,0.027870931068993132,0.0,5.0,8.0
0.0,0.0,0.0,4.440892098500626e-16,0.0,soft,,,,not_applicable,,3.991657293511538,,,,,,30.0,,,,,,,,,allocation,2007,Myopic-effectiveness,7.899050168196369,0.5053338323616413,0.4946661676383587,0.0,5.0,8.0
0.0,0.0,0.0,1.3322676295501878e-15,0.0,soft,,,,not_applicable,,3.999137257483879,,,,,,30.0,,,,,,,,,allocation,2007,Additive,7.899050168196369,0.506280777097156,0.4937192229028439,1.0,5.0,8.0
0.0,0.0,0.0,4.440892098500626e-16,0.0,soft,,,,not_applicable,,1.9999572805607162,,,,,,30.0,,,,,,,,,allocation,2007,Marginal,7.899050168196369,0.25318959089702514,0.7468104091029749,6.0,5.0,8.0
1.1102230246251565e-16,1.1102230246251565e-16,1.1102230246251565e-16,1.1102230246251565e-15,0.0,soft,,,,not_applicable,,7.892769291125731,,,,,,30.0,,,,,,,,,allocation,2007,OCG K=40,7.899050168196369,0.9992048566679668,0.0007951433320332843,40.0,5.0,8.0
1.8572745563716353e-09,5.352323029228501e-10,1.8572745563716353e-09,3.0546071227988136e-09,0.0,log,CLARABEL,CLARABEL,,optimal,13.659021699503182,13.659021699503182,0.08822879998479038,0.0120109,19.0,1200.0,30.0,30.0,5.0,8.0,8.0,False,0.0,True,True,True,allocation,2007,Direct-CVX,13.659021699503182,1.0,0.0,,5.0,8.0
0.0,0.0,0.0,1.7763568394002505e-15,0.013192629828133191,log,,,,not_applicable,,11.86165971803094,,,,,,30.0,,,,,,,,,allocation,2007,Random,13.659021699503182,0.8684121000014506,0.1315878999985494,0.0,5.0,8.0
0.0,0.0,0.0,4.440892098500626e-16,0.0,log,,,,not_applicable,,9.368391346507478,,,,,,30.0,,,,,,,,,allocation,2007,Myopic-effectiveness,13.659021699503182,0.6858757202829712,0.31412427971702883,0.0,5.0,8.0
0.0,0.0,0.0,1.3322676295501878e-15,0.0,log,,,,not_applicable,,9.645971616507392,,,,,,30.0,,,,,,,,,allocation,2007,Additive,13.659021699503182,0.7061978396928855,0.29380216030711453,1.0,5.0,8.0
0.0,0.0,0.0,4.440892098500626e-16,0.0,log,,,,not_applicable,,5.715340489441088,,,,,,30.0,,,,,,,,,allocation,2007,Marginal,13.659021699503182,0.41842971006107793,0.5815702899389221,6.0,5.0,8.0
1.1102230246251565e-16,1.1102230246251565e-16,1.1102230246251565e-16,1.3322676295501878e-15,0.0,log,,,,not_applicable,,13.636323140266548,,,,,,30.0,,,,,,,,,allocation,2007,OCG K=40,13.659021699503182,0.9983382002213629,0.0016617997786371195,40.0,5.0,8.0
3.0104507775519096e-10,2.756128658631951e-14,3.0104507775519096e-10,5.93093463230332e-10,3.646711688056485e-09,soft,CLARABEL,CLARABEL,,optimal,7.928044546586974,7.928044546586974,0.09215420001419261,0.0130353,23.0,1200.0,30.0,30.0,5.0,8.0,8.0,False,0.0,True,True,True,allocation,2008,Direct-CVX,7.928044546586974,1.0,0.0,,5.0,8.0
0.0,0.0,0.0,8.881784197001252e-16,0.0007703516459277448,soft,,,,not_applicable,,7.711990910195658,,,,,,30.0,,,,,,,,,allocation,2008,Random,7.928044546586974,0.9727481808254562,0.02725181917454378,0.0,5.0,8.0
0.0,0.0,0.0,4.440892098500626e-16,0.0,soft,,,,not_applicable,,4.869437131448548,,,,,,30.0,,,,,,,,,allocation,2008,Myopic-effectiveness,7.928044546586974,0.6142040578650434,0.38579594213495655,0.0,5.0,8.0
0.0,0.0,0.0,4.440892098500626e-16,0.0,soft,,,,not_applicable,,4.869437131448548,,,,,,30.0,,,,,,,,,allocation,2008,Additive,7.928044546586974,0.6142040578650434,0.38579594213495655,1.0,5.0,8.0
0.0,0.0,0.0,1.1102230246251565e-15,0.0,soft,,,,not_applicable,,2.98973256721032,,,,,,30.0,,,,,,,,,allocation,2008,Marginal,7.928044546586974,0.3771084470630783,0.6228915529369217,6.0,5.0,8.0
2.7755575615628914e-17,5.551115123125783e-17,5.551115123125783e-17,1.1102230246251565e-15,0.0,soft,,,,not_applicable,,7.92484836225927,,,,,,30.0,,,,,,,,,allocation,2008,OCG K=40,7.928044546586974,0.9995968508616566,0.00040314913834334427,40.0,5.0,8.0
1.7645334082772024e-09,1.0637558056636465e-09,1.7645334082772024e-09,2.792948650132132e-09,0.0,log,CLARABEL,CLARABEL,,optimal,14.005406250089191,14.005406250089191,0.09372920001624152,0.0151303,27.0,1200.0,30.0,30.0,5.0,8.0,8.0,False,0.0,True,True,True,allocation,2008,Direct-CVX,14.005406250089191,1.0,0.0,,5.0,8.0
0.0,0.0,0.0,8.881784197001252e-16,0.0007703516459277448,log,,,,not_applicable,,11.823369911928793,,,,,,30.0,,,,,,,,,allocation,2008,Random,14.005406250089191,0.8442004252360404,0.15579957476395956,0.0,5.0,8.0
0.0,0.0,0.0,4.440892098500626e-16,0.0,log,,,,not_applicable,,10.583966932827703,,,,,,30.0,,,,,,,,,allocation,2008,Myopic-effectiveness,14.005406250089191,0.7557058141573224,0.24429418584267762,0.0,5.0,8.0
0.0,0.0,0.0,4.440892098500626e-16,0.0,log,,,,not_applicable,,10.583966932827703,,,,,,30.0,,,,,,,,,allocation,2008,Additive,14.005406250089191,0.7557058141573224,0.24429418584267762,1.0,5.0,8.0
0.0,0.0,0.0,1.1102230246251565e-15,0.0,log,,,,not_applicable,,6.967887509102299,,,,,,30.0,,,,,,,,,allocation,2008,Marginal,14.005406250089191,0.49751413023509583,0.5024858697649042,6.0,5.0,8.0
4.163336342344337e-17,1.1102230246251565e-16,1.1102230246251565e-16,1.3322676295501878e-15,0.0,log,,,,not_applicable,,13.98385183632817,,,,,,30.0,,,,,,,,,allocation,2008,OCG K=40,14.005406250089191,0.9984609933209982,0.0015390066790017549,40.0,5.0,8.0
2.2823520851034118e-10,2.9141994373205193e-11,2.2823520851034118e-10,8.755398628323974e-10,3.3086920355415206e-09,soft,CLARABEL,CLARABEL,,optimal,7.915498059538109,7.915498059538109,0.09058870002627373,0.0114045,21.0,1200.0,30.0,30.0,5.0,8.0,8.0,False,0.0,True,True,True,allocation,2009,Direct-CVX,7.915498059538109,1.0,0.0,,5.0,8.0
0.0,0.0,0.0,6.661338147750939e-16,0.0038046845916747322,soft,,,,not_applicable,,7.589661818677868,,,,,,30.0,,,,,,,,,allocation,2009,Random,7.915498059538109,0.9588356615832139,0.041164338416786156,0.0,5.0,8.0
0.0,0.0,0.0,8.881784197001252e-16,0.0,soft,,,,not_applicable,,3.9313789052855683,,,,,,30.0,,,,,,,,,allocation,2009,Myopic-effectiveness,7.915498059538109,0.49666854513953035,0.5033314548604696,0.0,5.0,8.0
0.0,0.0,0.0,8.881784197001252e-16,0.0,soft,,,,not_applicable,,4.920702743345771,,,,,,30.0,,,,,,,,,allocation,2009,Additive,7.915498059538109,0.6216542163656228,0.3783457836343772,1.0,5.0,8.0
0.0,0.0,0.0,1.5543122344752192e-15,0.0,soft,,,,not_applicable,,2.9442997757290446,,,,,,30.0,,,,,,,,,allocation,2009,Marginal,7.915498059538109,0.3719664579010525,0.6280335420989476,6.0,5.0,8.0
1.942890293094024e-16,1.1102230246251565e-16,1.942890293094024e-16,1.3322676295501878e-15,0.0,soft,,,,not_applicable,,7.913592407391965,,,,,,30.0,,,,,,,,,allocation,2009,OCG K=40,7.915498059538109,0.9997592505068146,0.0002407494931854258,40.0,5.0,8.0
8.570736342861096e-10,3.2248620440711306e-10,8.570736342861096e-10,1.5690059251838306e-09,0.0,log,CLARABEL,CLARABEL,,optimal,13.790180607078165,13.790180607078165,0.08535960002336651,0.0113283,20.0,1200.0,30.0,30.0,5.0,8.0,8.0,False,0.0,True,True,True,allocation,2009,Direct-CVX,13.790180607078165,1.0,0.0,,5.0,8.0
0.0,0.0,0.0,6.661338147750939e-16,0.0038046845916747322,log,,,,not_applicable,,11.151219263645284,,,,,,30.0,,,,,,,,,allocation,2009,Random,13.790180607078165,0.808634751159215,0.19136524884078498,0.0,5.0,8.0
0.0,0.0,0.0,8.881784197001252e-16,0.0,log,,,,not_applicable,,8.628224947425403,,,,,,30.0,,,,,,,,,allocation,2009,Myopic-effectiveness,13.790180607078165,0.6256788937917713,0.3743211062082287,0.0,5.0,8.0
0.0,0.0,0.0,8.881784197001252e-16,0.0,log,,,,not_applicable,,10.24293329629834,,,,,,30.0,,,,,,,,,allocation,2009,Additive,13.790180607078165,0.7427700614044815,0.25722993859551846,1.0,5.0,8.0
0.0,0.0,0.0,1.5543122344752192e-15,0.0,log,,,,not_applicable,,6.758595593622332,,,,,,30.0,,,,,,,,,allocation,2009,Marginal,13.790180607078165,0.49010203609322633,0.5098979639067737,6.0,5.0,8.0
1.942890293094024e-16,1.6653345369377348e-16,1.942890293094024e-16,1.3322676295501878e-15,0.0,log,,,,not_applicable,,13.77904528322292,,,,,,30.0,,,,,,,,,allocation,2009,OCG K=40,13.790180607078165,0.9991925179102057,0.0008074820897942993,40.0,5.0,8.0
