instance_type,instance_seed,utility,method,K,evaluated_objective,history_min_delta,runtime_sec,planning_calls,objective_evaluations,line_search_tolerance,initial_distribution_residual,flow_residual,max_flow_residual,layer_mass_error,min_occupancy
gridworld,1000,soft,FW K=5,5,11.070615595586263,0.014008275185590335,0.031864199962001294,5,182,1e-08,0.0,1.1102230246251565e-16,1.1102230246251565e-16,8.881784197001252e-16,0.0
gridworld,1000,soft,FW K=10,10,11.121503755176546,0.0030746234483824963,0.06906369997886941,10,407,1e-08,0.0,2.220446049250313e-16,2.220446049250313e-16,8.881784197001252e-16,0.0
gridworld,1000,soft,FW K=20,20,11.149515982829074,0.0006425559555545135,0.15350020001642406,20,857,1e-08,0.0,2.220446049250313e-16,2.220446049250313e-16,7.771561172376096e-16,0.0
gridworld,1000,soft,FW K=40,40,11.158922020784475,6.715930484091359e-05,0.2883451000088826,40,1757,1e-08,0.0,5.551115123125783e-16,5.551115123125783e-16,8.881784197001252e-16,0.0
gridworld,1000,log,FW K=5,5,16.02039742873433,0.01768857957154779,0.030015099968295544,5,182,1e-08,0.0,1.1102230246251565e-16,1.1102230246251565e-16,7.771561172376096e-16,0.0
gridworld,1000,log,FW K=10,10,16.049171340095093,0.0011727693774012948,0.07354920002399012,10,407,1e-08,0.0,2.220446049250313e-16,2.220446049250313e-16,7.771561172376096e-16,0.0
gridworld,1000,log,FW K=20,20,16.062089403033962,0.0002829709336502617,0.14428599999519065,20,857,1e-08,0.0,3.3306690738754696e-16,3.3306690738754696e-16,6.661338147750939e-16,0.0
gridworld,1000,log,FW K=40,40,16.07155389409885,0.00022487914062097047,0.2562282000435516,40,1757,1e-08,0.0,4.440892098500626e-16,4.440892098500626e-16,6.661338147750939e-16,0.0
gridworld,1001,soft,FW K=5,5,9.648539171695639,0.6614852334997074,0.03597060003085062,5,182,1e-08,0.0,1.1102230246251565e-16,1.1102230246251565e-16,6.661338147750939e-16,0.0
gridworld,1001,soft,FW K=10,10,10.392156790880842,0.025785778221926847,0.07540550001431257,10,407,1e-08,0.0,2.220446049250313e-16,2.220446049250313e-16,7.771561172376096e-16,0.0
gridworld,1001,soft,FW K=20,20,10.474425675829705,0.002836935736592494,0.14984599995659664,20,857,1e-08,0.0,1.6653345369377348e-16,1.6653345369377348e-16,6.661338147750939e-16,0.0
gridworld,1001,soft,FW K=40,40,10.492831151915357,0.00018060610218029183,0.2737521000090055,40,1757,1e-08,0.0,4.440892098500626e-16,4.440892098500626e-16,4.440892098500626e-16,0.0
gridworld,1001,log,FW K=5,5,13.875714830765599,0.2899986523063518,0.030498099979013205,5,182,1e-08,0.0,3.3306690738754696e-16,3.3306690738754696e-16,6.661338147750939e-16,0.0
gridworld,1001,log,FW K=10,10,14.144876763280667,0.004277442100409701,0.06629460002295673,10,407,1e-08,0.0,2.220446049250313e-16,2.220446049250313e-16,6.661338147750939e-16,0.0
gridworld,1001,log,FW K=20,20,14.156931851505275,0.0004152304248723482,0.13276599999517202,20,857,1e-08,0.0,2.220446049250313e-16,2.220446049250313e-16,6.661338147750939e-16,0.0
gridworld,1001,log,FW K=40,40,14.16381322838988,6.975437777967386e-05,0.25948569999309257,40,1757,1e-08,0.0,3.3306690738754696e-16,3.3306690738754696e-16,5.551115123125783e-16,0.0
gridworld,1002,soft,FW K=5,5,10.04795568747424,0.15273691066016326,0.03076850000070408,5,182,1e-08,0.0,1.1102230246251565e-16,1.1102230246251565e-16,6.661338147750939e-16,0.0
gridworld,1002,soft,FW K=10,10,10.440545351769105,0.022040138412542376,0.06733839999651536,10,407,1e-08,2.220446049250313e-16,2.220446049250313e-16,2.220446049250313e-16,6.661338147750939e-16,0.0
gridworld,1002,soft,FW K=20,20,10.55313087262001,0.0023354034345164365,0.13202000001911074,20,857,1e-08,0.0,2.220446049250313e-16,2.220446049250313e-16,4.440892098500626e-16,0.0
gridworld,1002,soft,FW K=40,40,10.581402631304561,0.00031974321379379944,0.26666059996932745,40,1757,1e-08,0.0,3.3306690738754696e-16,3.3306690738754696e-16,4.440892098500626e-16,0.0
gridworld,1002,log,FW K=5,5,13.478810083832231,0.10965052942516174,0.028580900048837066,5,182,1e-08,0.0,1.1102230246251565e-16,1.1102230246251565e-16,6.661338147750939e-16,0.0
gridworld,1002,log,FW K=10,10,13.732285824300561,0.01674410610041477,0.0645348000107333,10,407,1e-08,0.0,2.220446049250313e-16,2.220446049250313e-16,6.661338147750939e-16,0.0
gridworld,1002,log,FW K=20,20,13.81076383467749,0.001514438272540275,0.13791259995196015,20,857,1e-08,1.1102230246251565e-16,3.3306690738754696e-16,3.3306690738754696e-16,6.661338147750939e-16,0.0
gridworld,1002,log,FW K=40,40,13.827336887586327,5.7345952576781656e-05,0.2576198000460863,40,1757,1e-08,1.1102230246251565e-16,3.3306690738754696e-16,3.3306690738754696e-16,6.661338147750939e-16,0.0
gridworld,1003,soft,FW K=5,5,10.46213680092082,0.4202200984927753,0.034259899985045195,5,182,1e-08,0.0,1.1102230246251565e-16,1.1102230246251565e-16,6.661338147750939e-16,0.0
gridworld,1003,soft,FW K=10,10,10.781769024482438,0.01287830468501383,0.07930199999827892,10,407,1e-08,2.220446049250313e-16,1.1102230246251565e-16,2.220446049250313e-16,7.771561172376096e-16,0.0
gridworld,1003,soft,FW K=20,20,10.8344131313704,0.0006761951674114641,0.14990130002843216,20,857,1e-08,0.0,4.440892098500626e-16,4.440892098500626e-16,6.661338147750939e-16,0.0
gridworld,1003,soft,FW K=40,40,10.851546667753533,0.0002345275207495945,0.2702199000050314,40,1757,1e-08,0.0,5.551115123125783e-16,5.551115123125783e-16,5.551115123125783e-16,0.0
gridworld,1003,log,FW K=5,5,14.83837764481249,0.22567074547752242,0.030076000024564564,5,182,1e-08,0.0,1.1102230246251565e-16,1.1102230246251565e-16,6.661338147750939e-16,0.0
gridworld,1003,log,FW K=10,10,14.998344817267983,0.005879329306960557,0.06457610003417358,10,407,1e-08,2.220446049250313e-16,1.6653345369377348e-16,2.220446049250313e-16,5.551115123125783e-16,0.0
gridworld,1003,log,FW K=20,20,15.055771986158692,0.001315578761870384,0.1393110000062734,20,857,1e-08,0.0,2.220446049250313e-16,2.220446049250313e-16,5.551115123125783e-16,0.0
gridworld,1003,log,FW K=40,40,15.071717236861456,0.0001946689949150482,0.2595111000118777,40,1757,1e-08,0.0,5.551115123125783e-16,5.551115123125783e-16,4.440892098500626e-16,0.0
gridworld,1004,soft,FW K=5,5,10.894810557512454,0.09810788615524402,0.0325289000174962,5,182,1e-08,0.0,1.1102230246251565e-16,1.1102230246251565e-16,6.661338147750939e-16,0.0
gridworld,1004,soft,FW K=10,10,11.016780467953735,0.009488249074969701,0.06534710002597421,10,407,1e-08,0.0,1.1102230246251565e-16,1.1102230246251565e-16,6.661338147750939e-16,0.0
gridworld,1004,soft,FW K=20,20,11.074634765585051,0.002286274381946285,0.13346779998391867,20,857,1e-08,0.0,1.6653345369377348e-16,1.6653345369377348e-16,4.440892098500626e-16,0.0
gridworld,1004,soft,FW K=40,40,11.096413748012807,0.00012563912986252035,0.26682740001706406,40,1757,1e-08,0.0,2.220446049250313e-16,2.220446049250313e-16,6.661338147750939e-16,0.0
gridworld,1004,log,FW K=5,5,15.767397843209856,0.03452524431942017,0.030162799987010658,5,182,1e-08,0.0,1.1102230246251565e-16,1.1102230246251565e-16,7.771561172376096e-16,0.0
gridworld,1004,log,FW K=10,10,15.80685373373979,0.0041579904002020385,0.06461230001877993,10,407,1e-08,0.0,1.1102230246251565e-16,1.1102230246251565e-16,5.551115123125783e-16,0.0
gridworld,1004,log,FW K=20,20,15.837251977508906,0.0008014706140482275,0.15979000000515953,20,857,1e-08,0.0,2.220446049250313e-16,2.220446049250313e-16,6.661338147750939e-16,0.0
gridworld,1004,log,FW K=40,40,15.848768721277729,0.00012441312416378025,0.28845340001862496,40,1757,1e-08,0.0,3.3306690738754696e-16,3.3306690738754696e-16,6.661338147750939e-16,0.0
gridworld,1005,soft,FW K=5,5,9.714264171055325,0.22493215031649072,0.03925679996609688,5,182,1e-08,0.0,1.1102230246251565e-16,1.1102230246251565e-16,6.661338147750939e-16,0.0
gridworld,1005,soft,FW K=10,10,10.213145862403964,0.011080106731506945,0.07043719995999709,10,407,1e-08,0.0,1.1102230246251565e-16,1.1102230246251565e-16,7.771561172376096e-16,0.0
gridworld,1005,soft,FW K=20,20,10.321262608340934,0.004683340463554231,0.13136679999297485,20,857,1e-08,1.1102230246251565e-16,2.220446049250313e-16,2.220446049250313e-16,7.771561172376096e-16,0.0
gridworld,1005,soft,FW K=40,40,10.39192581980715,0.0008232841681401482,0.25583480001660064,40,1757,1e-08,0.0,4.440892098500626e-16,4.440892098500626e-16,6.661338147750939e-16,0.0
gridworld,1005,log,FW K=5,5,12.745234300268645,0.17286294526984847,0.02840509999077767,5,182,1e-08,0.0,1.1102230246251565e-16,1.1102230246251565e-16,6.661338147750939e-16,0.0
gridworld,1005,log,FW K=10,10,13.164255618745763,0.02719591334621363,0.06297490000724792,10,407,1e-08,1.1102230246251565e-16,1.1102230246251565e-16,1.1102230246251565e-16,6.661338147750939e-16,0.0
gridworld,1005,log,FW K=20,20,13.351293288434134,0.001335939422849819,0.12234930001432076,20,857,1e-08,0.0,4.440892098500626e-16,4.440892098500626e-16,6.661338147750939e-16,0.0
gridworld,1005,log,FW K=40,40,13.445225642446776,0.0010844628712938231,0.2556925999815576,40,1757,1e-08,0.0,4.440892098500626e-16,4.440892098500626e-16,6.661338147750939e-16,0.0
gridworld,1006,soft,FW K=5,5,9.794703019810875,0.4013807466763435,0.029106399975717068,5,182,1e-08,0.0,1.1102230246251565e-16,1.1102230246251565e-16,4.440892098500626e-16,0.0
gridworld,1006,soft,FW K=10,10,10.538287456564051,0.01584870434035679,0.06221829995047301,10,407,1e-08,0.0,1.1102230246251565e-16,1.1102230246251565e-16,6.661338147750939e-16,0.0
gridworld,1006,soft,FW K=20,20,10.582712791537809,0.0008849831560020505,0.12381089996779338,20,857,1e-08,0.0,2.220446049250313e-16,2.220446049250313e-16,8.881784197001252e-16,0.0
gridworld,1006,soft,FW K=40,40,10.597583918745404,0.00022669894759452802,0.25036720000207424,40,1757,1e-08,0.0,3.3306690738754696e-16,3.3306690738754696e-16,1.1102230246251565e-15,0.0
gridworld,1006,log,FW K=5,5,14.173755699400028,0.3291798618514612,0.02940840000519529,5,182,1e-08,0.0,1.6653345369377348e-16,1.6653345369377348e-16,5.551115123125783e-16,0.0
gridworld,1006,log,FW K=10,10,14.439664854386711,0.0029168591345118955,0.0594035999965854,10,407,1e-08,0.0,2.220446049250313e-16,2.220446049250313e-16,5.551115123125783e-16,0.0
gridworld,1006,log,FW K=20,20,14.458751459179448,0.0005535596594743453,0.12560169998323545,20,857,1e-08,0.0,4.440892098500626e-16,4.440892098500626e-16,4.440892098500626e-16,0.0
gridworld,1006,log,FW K=40,40,14.47002833779112,0.00011894396124745299,0.26422830001683906,40,1757,1e-08,0.0,6.661338147750939e-16,6.661338147750939e-16,6.661338147750939e-16,0.0
gridworld,1007,soft,FW K=5,5,10.338072545476756,0.09164410877023244,0.033387500036042184,5,182,1e-08,0.0,1.1102230246251565e-16,1.1102230246251565e-16,8.881784197001252e-16,0.0
gridworld,1007,soft,FW K=10,10,10.484022484396185,0.005716971596248399,0.06430369999725372,10,407,1e-08,0.0,2.220446049250313e-16,2.220446049250313e-16,7.771561172376096e-16,0.0
gridworld,1007,soft,FW K=20,20,10.533097319770068,0.0010521208321669917,0.13209119997918606,20,857,1e-08,0.0,2.220446049250313e-16,2.220446049250313e-16,8.881784197001252e-16,0.0
gridworld,1007,soft,FW K=40,40,10.555329621606429,0.00045986364185246487,0.2513642000267282,40,1757,1e-08,0.0,3.3306690738754696e-16,3.3306690738754696e-16,7.771561172376096e-16,0.0
gridworld,1007,log,FW K=5,5,13.655195093728876,0.12109149322181878,0.02829869999550283,5,182,1e-08,0.0,1.1102230246251565e-16,1.1102230246251565e-16,6.661338147750939e-16,0.0
gridworld,1007,log,FW K=10,10,13.800966310951903,0.009417237642788123,0.05951709998771548,10,407,1e-08,0.0,2.220446049250313e-16,2.220446049250313e-16,6.661338147750939e-16,0.0
gridworld,1007,log,FW K=20,20,13.83420837708428,0.001058783487383863,0.1268739000079222,20,857,1e-08,0.0,3.3306690738754696e-16,3.3306690738754696e-16,6.661338147750939e-16,0.0
gridworld,1007,log,FW K=40,40,13.864824135807918,0.00021027302917531188,0.255400899972301,40,1757,1e-08,0.0,3.3306690738754696e-16,3.3306690738754696e-16,6.661338147750939e-16,0.0
gridworld,1008,soft,FW K=5,5,8.878589808596208,0.9519703081227977,0.030191399971954525,5,182,1e-08,0.0,8.326672684688674e-17,8.326672684688674e-17,6.661338147750939e-16,0.0
gridworld,1008,soft,FW K=10,10,10.137171326003987,0.06741714472364535,0.07012140000006184,10,407,1e-08,1.1102230246251565e-16,1.1102230246251565e-16,1.1102230246251565e-16,7.771561172376096e-16,0.0
gridworld,1008,soft,FW K=20,20,10.27065322295061,0.0027669580462408305,0.12440279999282211,20,857,1e-08,1.1102230246251565e-16,1.1102230246251565e-16,1.1102230246251565e-16,8.881784197001252e-16,0.0
gridworld,1008,soft,FW K=40,40,10.321865696971042,0.0005197194397048577,0.25250529998447746,40,1757,1e-08,0.0,1.1102230246251565e-16,1.1102230246251565e-16,1.1102230246251565e-15,0.0
gridworld,1008,log,FW K=5,5,12.542094277250898,0.6247010746045234,0.029567799996584654,5,182,1e-08,0.0,5.551115123125783e-17,5.551115123125783e-17,6.661338147750939e-16,0.0
gridworld,1008,log,FW K=10,10,13.277651462946102,0.02469490167028532,0.057808499957900494,10,407,1e-08,2.220446049250313e-16,2.220446049250313e-16,2.220446049250313e-16,5.551115123125783e-16,0.0
gridworld,1008,log,FW K=20,20,13.38673805660876,0.0031522479351142607,0.12409960001241416,20,857,1e-08,0.0,3.3306690738754696e-16,3.3306690738754696e-16,5.551115123125783e-16,0.0
gridworld,1008,log,FW K=40,40,13.444275912978645,0.0008231619255738565,0.24980470002628863,40,1757,1e-08,0.0,3.3306690738754696e-16,3.3306690738754696e-16,4.440892098500626e-16,0.0
gridworld,1009,soft,FW K=5,5,10.354509909760313,0.1284805198404282,0.02917549997800961,5,182,1e-08,0.0,2.220446049250313e-16,2.220446049250313e-16,6.661338147750939e-16,0.0
gridworld,1009,soft,FW K=10,10,10.719847264607873,0.009303366708206084,0.05978460004553199,10,407,1e-08,0.0,2.220446049250313e-16,2.220446049250313e-16,7.771561172376096e-16,0.0
gridworld,1009,soft,FW K=20,20,10.789200216486627,0.0019458612752636384,0.13173369999276474,20,857,1e-08,0.0,2.220446049250313e-16,2.220446049250313e-16,8.881784197001252e-16,0.0
gridworld,1009,soft,FW K=40,40,10.815406108807498,0.00031875542948078817,0.24950520001584664,40,1757,1e-08,0.0,4.440892098500626e-16,4.440892098500626e-16,8.881784197001252e-16,0.0
gridworld,1009,log,FW K=5,5,14.610808213761722,0.09491756115115813,0.028157399967312813,5,182,1e-08,0.0,1.1102230246251565e-16,1.1102230246251565e-16,7.771561172376096e-16,0.0
gridworld,1009,log,FW K=10,10,14.79750339027264,0.0036331263715361217,0.059899099986068904,10,407,1e-08,0.0,2.220446049250313e-16,2.220446049250313e-16,7.771561172376096e-16,0.0
gridworld,1009,log,FW K=20,20,14.832998108731289,0.001923195631606589,0.12551719998009503,20,857,1e-08,0.0,3.3306690738754696e-16,3.3306690738754696e-16,5.551115123125783e-16,0.0
gridworld,1009,log,FW K=40,40,14.85668644970957,0.0006391569417871779,0.2465333000291139,40,1757,1e-08,0.0,4.440892098500626e-16,4.440892098500626e-16,7.771561172376096e-16,0.0
allocation,2000,soft,FW K=5,5,7.889691228071462,0.028291117958548107,0.004235800006426871,5,182,1e-08,1.1102230246251565e-16,8.326672684688674e-17,1.1102230246251565e-16,4.440892098500626e-16,0.0
allocation,2000,soft,FW K=10,10,7.914584745285772,0.002454041953098951,0.010027099982835352,10,407,1e-08,5.551115123125783e-17,8.326672684688674e-17,8.326672684688674e-17,2.220446049250313e-16,0.0
allocation,2000,soft,FW K=20,20,7.921597078052204,7.323728820196607e-05,0.020141599990893155,20,857,1e-08,1.1102230246251565e-16,1.1102230246251565e-16,1.1102230246251565e-16,4.440892098500626e-16,0.0
allocation,2000,soft,FW K=40,40,7.923008740590356,3.168890942006897e-05,0.039931499981321394,40,1757,1e-08,1.1102230246251565e-16,1.3877787807814457e-16,1.3877787807814457e-16,4.440892098500626e-16,0.0
allocation,2000,log,FW K=5,5,14.03281852798288,0.007868035004678475,0.0037870999658480287,5,182,1e-08,2.7755575615628914e-17,8.326672684688674e-17,8.326672684688674e-17,4.440892098500626e-16,0.0
allocation,2000,log,FW K=10,10,14.051334293224738,0.0025512666650833182,0.007978999987244606,10,407,1e-08,2.7755575615628914e-17,1.1102230246251565e-16,1.1102230246251565e-16,4.440892098500626e-16,0.0
allocation,2000,log,FW K=20,20,14.068531464879307,0.0008615503339779451,0.021799999987706542,20,857,1e-08,8.326672684688674e-17,1.1102230246251565e-16,1.1102230246251565e-16,6.661338147750939e-16,0.0
allocation,2000,log,FW K=40,40,14.08660283612396,0.0005497355389909586,0.03696140000829473,40,1757,1e-08,2.7755575615628914e-16,1.942890293094024e-16,2.7755575615628914e-16,6.661338147750939e-16,0.0
allocation,2001,soft,FW K=5,5,7.9002242658743915,0.010862491643939265,0.003957800043281168,5,182,1e-08,5.551115123125783e-17,1.1102230246251565e-16,1.1102230246251565e-16,3.3306690738754696e-16,0.0
allocation,2001,soft,FW K=10,10,7.90780684817489,0.0002649319710856801,0.010116600024048239,10,407,1e-08,5.551115123125783e-17,1.3877787807814457e-16,1.3877787807814457e-16,2.220446049250313e-16,0.0
allocation,2001,soft,FW K=20,20,7.910569073008672,0.00017147656066196504,0.02185369998915121,20,857,1e-08,1.6653345369377348e-16,1.1102230246251565e-16,1.6653345369377348e-16,2.220446049250313e-16,0.0
allocation,2001,soft,FW K=40,40,7.913106332974225,5.673825685370559e-05,0.04215040005510673,40,1757,1e-08,1.1102230246251565e-16,1.6653345369377348e-16,1.6653345369377348e-16,2.220446049250313e-16,0.0
allocation,2001,log,FW K=5,5,13.763754025864207,0.022231974262657772,0.003836299991235137,5,182,1e-08,5.551115123125783e-17,1.1102230246251565e-16,1.1102230246251565e-16,4.440892098500626e-16,0.0
allocation,2001,log,FW K=10,10,13.800376427368404,0.0047572919307157235,0.008386500005144626,10,407,1e-08,5.551115123125783e-17,8.326672684688674e-17,8.326672684688674e-17,4.440892098500626e-16,0.0
allocation,2001,log,FW K=20,20,13.832206820928832,0.0017010695412817967,0.01900289999321103,20,857,1e-08,1.1102230246251565e-16,1.1102230246251565e-16,1.1102230246251565e-16,4.440892098500626e-16,0.0
allocation,2001,log,FW K=40,40,13.853160951697562,0.0005150017585044964,0.03898219997063279,40,1757,1e-08,1.1102230246251565e-16,1.6653345369377348e-16,1.6653345369377348e-16,2.220446049250313e-16,0.0
allocation,2002,soft,FW K=5,5,7.878605671731254,0.017935397734399672,0.004015500016976148,5,182,1e-08,5.551115123125783e-17,8.326672684688674e-17,8.326672684688674e-17,4.440892098500626e-16,0.0
allocation,2002,soft,FW K=10,10,7.912571562912548,0.0033728282614600147,0.010985199944116175,10,407,1e-08,5.551115123125783e-17,8.326672684688674e-17,8.326672684688674e-17,6.661338147750939e-16,0.0
allocation,2002,soft,FW K=20,20,7.918406400093492,0.00010551517967272162,0.01873619999969378,20,857,1e-08,5.551115123125783e-17,8.326672684688674e-17,8.326672684688674e-17,4.440892098500626e-16,0.0
allocation,2002,soft,FW K=40,40,7.921958146796761,7.398710495820637e-05,0.04092609998770058,40,1757,1e-08,1.1102230246251565e-16,1.3877787807814457e-16,1.3877787807814457e-16,4.440892098500626e-16,0.0
allocation,2002,log,FW K=5,5,13.999200955403555,0.036811686801510035,0.004465100006200373,5,182,1e-08,5.551115123125783e-17,8.326672684688674e-17,8.326672684688674e-17,6.661338147750939e-16,0.0
allocation,2002,log,FW K=10,10,14.036223141135668,0.005217650136698282,0.008075899968389422,10,407,1e-08,1.1102230246251565e-16,8.326672684688674e-17,1.1102230246251565e-16,6.661338147750939e-16,0.0
allocation,2002,log,FW K=20,20,14.069044379669688,0.0014480612243410462,0.019378199998755008,20,857,1e-08,5.551115123125783e-17,8.326672684688674e-17,8.326672684688674e-17,6.661338147750939e-16,0.0
allocation,2002,log,FW K=40,40,14.104429757337487,0.0006668135116516538,0.03876129997661337,40,1757,1e-08,1.6653345369377348e-16,1.1102230246251565e-16,1.6653345369377348e-16,8.881784197001252e-16,0.0
allocation,2003,soft,FW K=5,5,7.709907716896767,0.2730336437864924,0.004077900026459247,5,182,1e-08,1.1102230246251565e-16,1.6653345369377348e-16,1.6653345369377348e-16,6.661338147750939e-16,0.0
allocation,2003,soft,FW K=10,10,7.849592839150076,0.00506852186985185,0.010313100006897002,10,407,1e-08,5.551115123125783e-17,1.6653345369377348e-16,1.6653345369377348e-16,6.661338147750939e-16,0.0
allocation,2003,soft,FW K=20,20,7.858077366876882,0.0003583169567420441,0.019347499997820705,20,857,1e-08,2.7755575615628914e-17,1.1102230246251565e-16,1.1102230246251565e-16,6.661338147750939e-16,0.0
allocation,2003,soft,FW K=40,40,7.869172840441898,0.00016510697024330057,0.03833660000236705,40,1757,1e-08,3.469446951953614e-18,1.6653345369377348e-16,1.6653345369377348e-16,4.440892098500626e-16,0.0
allocation,2003,log,FW K=5,5,13.46966711450543,0.11362860823970067,0.004067900008521974,5,182,1e-08,2.7755575615628914e-17,1.1102230246251565e-16,1.1102230246251565e-16,6.661338147750939e-16,0.0
allocation,2003,log,FW K=10,10,13.58878549984625,0.00883399509211813,0.009204200003296137,10,407,1e-08,1.1102230246251565e-16,1.1102230246251565e-16,1.1102230246251565e-16,6.661338147750939e-16,0.0
allocation,2003,log,FW K=20,20,13.634439911866771,0.002350022725984502,0.019543400034308434,20,857,1e-08,6.938893903907228e-18,1.1102230246251565e-16,1.1102230246251565e-16,6.661338147750939e-16,0.0
allocation,2003,log,FW K=40,40,13.670684912616228,0.0008375360702324031,0.03689160000067204,40,1757,1e-08,1.1102230246251565e-16,1.6653345369377348e-16,1.6653345369377348e-16,8.881784197001252e-16,0.0
allocation,2004,soft,FW K=5,5,7.850231661459581,0.018552061753771554,0.004815800057258457,5,182,1e-08,1.1102230246251565e-16,1.1102230246251565e-16,1.1102230246251565e-16,1.1102230246251565e-15,0.0
allocation,2004,soft,FW K=10,10,7.896760211629491,0.0037705067748818877,0.008645699999760836,10,407,1e-08,2.7755575615628914e-17,1.6653345369377348e-16,1.6653345369377348e-16,1.3322676295501878e-15,0.0
allocation,2004,soft,FW K=20,20,7.902706414240284,0.00018877656660176712,0.019806800002697855,20,857,1e-08,6.938893903907228e-18,1.1102230246251565e-16,1.1102230246251565e-16,1.3322676295501878e-15,0.0
allocation,2004,soft,FW K=40,40,7.90713164708943,0.00010546915752840391,0.040716399962548167,40,1757,1e-08,1.1102230246251565e-16,1.3877787807814457e-16,1.3877787807814457e-16,1.1102230246251565e-15,0.0
allocation,2004,log,FW K=5,5,13.595609782160093,0.05117770827327561,0.003824999963399023,5,182,1e-08,0.0,8.326672684688674e-17,8.326672684688674e-17,1.1102230246251565e-15,0.0
allocation,2004,log,FW K=10,10,13.688692103104678,0.007959597557720244,0.0094882000121288,10,407,1e-08,2.7755575615628914e-17,1.1102230246251565e-16,1.1102230246251565e-16,8.881784197001252e-16,0.0
allocation,2004,log,FW K=20,20,13.737611326782257,0.001959491000754099,0.01803129998734221,20,857,1e-08,1.1102230246251565e-16,1.1102230246251565e-16,1.1102230246251565e-16,1.1102230246251565e-15,0.0
allocation,2004,log,FW K=40,40,13.77362114052363,0.0009100374923303178,0.0367040999699384,40,1757,1e-08,1.1102230246251565e-16,1.3877787807814457e-16,1.3877787807814457e-16,1.1102230246251565e-15,0.0
allocation,2005,soft,FW K=5,5,7.908459015005553,0.012864164516269483,0.0040754000074230134,5,182,1e-08,0.0,1.1102230246251565e-16,1.1102230246251565e-16,8.881784197001252e-16,0.0
allocation,2005,soft,FW K=10,10,7.927364634275209,0.0007198671632782094,0.009923400008119643,10,407,1e-08,1.1102230246251565e-16,1.1102230246251565e-16,1.1102230246251565e-16,8.881784197001252e-16,0.0
allocation,2005,soft,FW K=20,20,7.931564655985262,8.78375496196071e-05,0.01971870003035292,20,857,1e-08,5.551115123125783e-17,1.1102230246251565e-16,1.1102230246251565e-16,8.881784197001252e-16,0.0
allocation,2005,soft,FW K=40,40,7.9334392961568465,3.7592542459385925e-05,0.0393597999936901,40,1757,1e-08,1.1102230246251565e-16,1.1102230246251565e-16,1.1102230246251565e-16,8.881784197001252e-16,0.0
allocation,2005,log,FW K=5,5,14.103638903096336,0.0389651298654492,0.003920999995898455,5,182,1e-08,5.551115123125783e-17,1.1102230246251565e-16,1.1102230246251565e-16,8.881784197001252e-16,0.0
allocation,2005,log,FW K=10,10,14.136624798892772,0.003172907547163817,0.008027900010347366,10,407,1e-08,5.551115123125783e-17,8.326672684688674e-17,8.326672684688674e-17,8.881784197001252e-16,0.0
allocation,2005,log,FW K=20,20,14.167176969842503,0.0010498285276305808,0.018359700043220073,20,857,1e-08,5.551115123125783e-17,1.1102230246251565e-16,1.1102230246251565e-16,8.881784197001252e-16,0.0
allocation,2005,log,FW K=40,40,14.18961506235507,0.0005299130636586824,0.03803160000825301,40,1757,1e-08,6.938893903907228e-18,1.6653345369377348e-16,1.6653345369377348e-16,8.881784197001252e-16,0.0
allocation,2006,soft,FW K=5,5,7.868539349855365,0.010233843952154764,0.006514400010928512,5,182,1e-08,5.551115123125783e-17,8.326672684688674e-17,8.326672684688674e-17,4.440892098500626e-16,0.0
allocation,2006,soft,FW K=10,10,7.894035959249932,0.0025585702718000647,0.010870700003579259,10,407,1e-08,2.7755575615628914e-17,8.326672684688674e-17,8.326672684688674e-17,2.220446049250313e-16,0.0
allocation,2006,soft,FW K=20,20,7.901407898734336,0.0002716430561164884,0.020681299967691302,20,857,1e-08,5.551115123125783e-17,1.1102230246251565e-16,1.1102230246251565e-16,2.220446049250313e-16,0.0
allocation,2006,soft,FW K=40,40,7.909463428731367,0.00016960500858154148,0.04345199995441362,40,1757,1e-08,5.551115123125783e-17,1.1102230246251565e-16,1.1102230246251565e-16,2.220446049250313e-16,0.0
allocation,2006,log,FW K=5,5,13.736849407958994,0.0505465519840822,0.003802899969741702,5,182,1e-08,5.551115123125783e-17,1.1102230246251565e-16,1.1102230246251565e-16,2.220446049250313e-16,0.0
allocation,2006,log,FW K=10,10,13.845418273149985,0.012789673005222824,0.010167800006456673,10,407,1e-08,5.551115123125783e-17,1.1102230246251565e-16,1.1102230246251565e-16,4.440892098500626e-16,0.0
allocation,2006,log,FW K=20,20,13.923153440097842,0.00205380111017206,0.02156050002668053,20,857,1e-08,5.551115123125783e-17,1.1102230246251565e-16,1.1102230246251565e-16,4.440892098500626e-16,0.0
allocation,2006,log,FW K=40,40,13.969039991538622,0.0013015907179614317,0.03873169998405501,40,1757,1e-08,1.6653345369377348e-16,1.1102230246251565e-16,1.6653345369377348e-16,8.881784197001252e-16,0.0
allocation,2007,soft,FW K=5,5,7.795544858123014,0.12354167029637786,0.005281799996737391,5,182,1e-08,0.0,1.6653345369377348e-16,1.6653345369377348e-16,6.661338147750939e-16,0.0
allocation,2007,soft,FW K=10,10,7.86877736774885,0.003860598705548668,0.008730499946977943,10,407,1e-08,2.7755575615628914e-17,1.1102230246251565e-16,1.1102230246251565e-16,1.1102230246251565e-15,0.0
allocation,2007,soft,FW K=20,20,7.877664263784058,0.00027891638061472435,0.01960010000038892,20,857,1e-08,2.7755575615628914e-17,8.326672684688674e-17,8.326672684688674e-17,1.1102230246251565e-15,0.0
allocation,2007,soft,FW K=40,40,7.882424069604088,8.51926512854817e-05,0.044601199973840266,40,1757,1e-08,5.551115123125783e-17,8.326672684688674e-17,8.326672684688674e-17,1.1102230246251565e-15,0.0
allocation,2007,log,FW K=5,5,13.331114926378913,0.1539426828042867,0.0037534000002779067,5,182,1e-08,0.0,1.1102230246251565e-16,1.1102230246251565e-16,8.881784197001252e-16,0.0
allocation,2007,log,FW K=10,10,13.426239689890837,0.008254174859605001,0.010128699999768287,10,407,1e-08,1.3877787807814457e-17,8.326672684688674e-17,8.326672684688674e-17,1.1102230246251565e-15,0.0
allocation,2007,log,FW K=20,20,13.514067192578832,0.0033003446730948127,0.019537099986337125,20,857,1e-08,1.1102230246251565e-16,8.326672684688674e-17,1.1102230246251565e-16,1.3322676295501878e-15,0.0
allocation,2007,log,FW K=40,40,13.584005499228688,0.0015718899579439949,0.041130099969450384,40,1757,1e-08,1.1102230246251565e-16,1.3877787807814457e-16,1.3877787807814457e-16,1.7763568394002505e-15,0.0
allocation,2008,soft,FW K=5,5,7.8624924268479255,0.028360516025092153,0.006673700001556426,5,182,1e-08,2.7755575615628914e-17,1.3877787807814457e-16,1.3877787807814457e-16,6.661338147750939e-16,0.0
allocation,2008,soft,FW K=10,10,7.903195174502105,0.003978709350178633,0.010591499973088503,10,407,1e-08,2.7755575615628914e-17,1.1102230246251565e-16,1.1102230246251565e-16,8.881784197001252e-16,0.0
allocation,2008,soft,FW K=20,20,7.913057428184759,0.00023157190309497366,0.019529900047928095,20,857,1e-08,2.7755575615628914e-17,1.3877787807814457e-16,1.3877787807814457e-16,1.1102230246251565e-15,0.0
allocation,2008,soft,FW K=40,40,7.916023144009822,7.690964810436185e-05,0.047293699986767024,40,1757,1e-08,1.1102230246251565e-16,1.6653345369377348e-16,1.6653345369377348e-16,1.3322676295501878e-15,0.0
allocation,2008,log,FW K=5,5,13.821377255485618,0.051511444126434824,0.003958300047088414,5,182,1e-08,1.1102230246251565e-16,1.1102230246251565e-16,1.1102230246251565e-16,8.881784197001252e-16,0.0
allocation,2008,log,FW K=10,10,13.885107492319149,0.004823398945116963,0.009250100003555417,10,407,1e-08,2.220446049250313e-16,1.1102230246251565e-16,2.220446049250313e-16,8.881784197001252e-16,0.0
allocation,2008,log,FW K=20,20,13.91993167887814,0.0019359912824228331,0.01933520002057776,20,857,1e-08,2.220446049250313e-16,1.6653345369377348e-16,2.220446049250313e-16,1.1102230246251565e-15,0.0
allocation,2008,log,FW K=40,40,13.95446254124898,0.0005986136374040996,0.039344699995126575,40,1757,1e-08,1.1102230246251565e-16,1.6653345369377348e-16,1.6653345369377348e-16,1.3322676295501878e-15,0.0
allocation,2009,soft,FW K=5,5,7.852348783061569,0.030798317524675767,0.004239100031554699,5,182,1e-08,0.0,1.1102230246251565e-16,1.1102230246251565e-16,1.3322676295501878e-15,0.0
allocation,2009,soft,FW K=10,10,7.889567022545071,0.0004663199924017647,0.011473699996713549,10,407,1e-08,5.551115123125783e-17,1.1102230246251565e-16,1.1102230246251565e-16,1.1102230246251565e-15,0.0
allocation,2009,soft,FW K=20,20,7.8947768848422655,0.00034415344120386493,0.019502900016959757,20,857,1e-08,5.551115123125783e-17,2.220446049250313e-16,2.220446049250313e-16,1.1102230246251565e-15,0.0
allocation,2009,soft,FW K=40,40,7.900424581580888,0.00018934125002711966,0.043488700001034886,40,1757,1e-08,1.1102230246251565e-16,1.6653345369377348e-16,1.6653345369377348e-16,1.3322676295501878e-15,0.0
allocation,2009,log,FW K=5,5,13.428430451651067,0.06987728634626578,0.004279899992980063,5,182,1e-08,5.551115123125783e-17,5.551115123125783e-17,5.551115123125783e-17,1.3322676295501878e-15,0.0
allocation,2009,log,FW K=10,10,13.56536942472545,0.01109992427196893,0.009622799989301711,10,407,1e-08,5.551115123125783e-17,1.1102230246251565e-16,1.1102230246251565e-16,1.3322676295501878e-15,0.0
allocation,2009,log,FW K=20,20,13.65480095867391,0.0037675292840404495,0.01796309999190271,20,857,1e-08,5.551115123125783e-17,1.6653345369377348e-16,1.6653345369377348e-16,1.5543122344752192e-15,0.0
allocation,2009,log,FW K=40,40,13.72774834814513,0.0016618112361062032,0.036024399974849075,40,1757,1e-08,5.551115123125783e-17,1.6653345369377348e-16,1.6653345369377348e-16,1.7763568394002505e-15,0.0
